Workbook

Sheet Respuestas
A1: 1 | B1: =+A1+1 -> 2 | C1: =+B1+1 -> 3 | D1: =+C1+1 -> 4 | E1: =+D1+1 -> 5 | F1: =+E1+1 -> 6 | G1: =+F1+1 -> 7 | H1: =+G1+1 -> 8 | I1: =+H1+1 -> 9 | ... HO1: =+HN1+1 -> 223
A2: ID | B2: Marca temporal | C2: 1. NOMBRE: | D2: 2. FECHA DE NACIMIENTO | E2: 3. Departamento en el que labora: | F2: 4. Puesto: | G2: 5. Estado Civil: | H2: 6. Sexo: | I2: 7. Estudios realizados: | J2: 8. ¿Cuál es su categoría dentro de la empresa? | K2: 9. ¿Antigüedad en el puesto? | L2: 10. ¿Cuánto tiempo hace que labora en el mismo lugar de trabajo (edificio, local o planta)? | M2: 11. Seleccione los días de la semana en trabaja usted | N2: 12. ¿Cuántas horas trabaja al día? | O2: 13. ¿Qué medio de transporte utiliza para llegar a su trabajo? | P2: 14. En caso de tener vehículo propio, ¿Cuántos tiene? | Q2: 15. En caso de contar con vehículo propio, ¿Cuánto gasta en gasolina a la semana? | R2: 16. ¿Cuánto tiempo hace de traslado a su trabajo? | S2: 17. En caso de usar transporte publico (taxi, Uber, camión) para llegar a su centro de trabajo, ¿Cuánto gasta diariamente? | T2: 18. ¿La casa o departamento en el que habita es? | U2: 19. ¿Cuántas veces a la semana consume los siguientes alimentos? [Frutas y verduras] | V2: 19. ¿Cuántas veces a la semana consume los siguientes alimentos? [Carnes Rojas y Lácteos] | W2: 19. ¿Cuántas veces a la semana consume los siguientes alimentos? [Cereales (Tortilla, Arroz, Quinoa, Papa)] | X2: 19. ¿Cuántas veces a la semana consume los siguientes alimentos? [Semillas (Cacahuate, Almendras, Pistache)] | Y2: 20. ¿Tiene la posibilidad de acceder a una alimentación sana, variada e higiénica? | Z2: 21. ¿Cuántas veces sale de vacaciones al año? | AA2: 22. En caso de tener hijos, la Educación que reciben es: | AB2: 23. ¿En qué posición realizas la mayoría de tus actividades laborales? | AC2: 24. ¿Su lugar de trabajo cuenta con ventilación? | AD2: 25. Seleccione el tipo de ventilación con la que cuenta su lugar de trabajo. | AE2: 26. La temperatura de su lugar de trabajo es: | AF2: 27. ¿Qué le produce la temperatura de su lugar de trabajo? | AG2: 28. En su lugar de trabajo se perciben olores de: | AH2: 29. ¿Cómo es la iluminación en su lugar de trabajo? | AI2: 30. De las siguientes opciones, ¿Qué le incomoda en su lugar de trabajo? | AJ2: 31. ¿En su lugar de trabajo existe ruido? | AK2: 32. El nivel de ruido en su puesto de trabajo es: | AL2: 33. El ruido en su lugar de trabajo procede de: | AM2: 34. Aproximadamente ¿Cuánto tiempo está expuesto al ruido en su área de trabajo? | AN2: 35. ¿Conoce cuál es el nivel sonoro en decibeles en su área de trabajo? | AO2: 36. ¿Existen vibraciones producidas por herramientas manuales, máquinas, vehículos, etc. en su puesto de trabajo? | AP2: 37. ¿Estás expuesto a radiaciones ionizantes o no ionizantes en tu jornada laboral? | AQ2: 38. Indique el tipo de radiación ionizante y no ionizante, al que está usted expuesto: | AR2: 39. ¿En su área de trabajo existe algún tipo de radiación ionizante? | AS2: 40. ¿Cuenta usted con equipo de protección personal para radiación ionizante? | AT2: 41. En caso de ser afirmativa la respuesta anterior, ¿Con qué tipo de equipo de protección personal cuenta? | AU2: 42. ¿Desarrolla usted trabajos en alturas mayores a 1.80 metros? | AV2: 43. En caso de ser afirmativa la respuesta anterior, ¿Con que tipo de equipo de protección personal cuenta? | AW2: 44. ¿Qué riesgos asociados al trabajo en alturas conoce? | AX2: 45. ¿Desarrolla usted trabajos con soldadura? | AY2: 46. ¿Utiliza ropa adecuada y Equipo de protección especial para la soldadura? | AZ2: 47. Conoce los riesgos y medidas preventivas en los trabajos de soldaduras contaminantes, químicos en soldadura y tipo de contaminante químico que utiliza en su área laboral. | BA2: 48. Conoce los riesgos de soldaduras, caídas en distintos niveles, pisadas sobre objetos, cortes, proyección de fragmentos y contactos eléctricos. | BB2: 49. ¿Qué tipos de riesgos de trabajo en actividades de soldadura conoce? | BC2: 50. ¿Conoce las medidas de primeros auxilios básicos para quemaduras? | BD2: 51. Su área de trabajo ¿Cuenta con botiquín de primeros auxilios? | BE2: 52. Su área de trabajo ¿Cuenta con extintores? | BF2: 53. Su área de trabajo ¿Cuenta con señaléticas de prevención de accidentes? | BG2: 54. Independientemente de la labor que realice, su área de trabajo ¿Cuenta con Equipo de Protección Personal (EPP)? | BH2: 55. En su área laboral ¿Cuenta con la capacitación suficiente para el manejo de herramientas y uso de máquinas según el tipo de área de producción y procesamiento? | BI2: 56. En su trabajo ¿Se encuentra expuesto a temperaturas elevadas? (trabajos cerca de hornos, fogones, etc.) | BJ2: 57. En su trabajo ¿Se encuentra expuesto a temperaturas abatidas? (trabajos en cuartos fríos o de refrigeración) | BK2: 58. En su puesto de trabajo, ¿Manipula sustancias o preparados nocivos o tóxicos? | BL2: 59. En caso de ser afirmativa la respuesta anterior, indique que tipo de producto químico utiliza o está expuesto: | BM2: 60. Estas sustancias o preparados, ¿Tienen alguna etiqueta o leyenda que informe de su peligrosidad? | BN2: 61. En general, la información que contiene la etiqueta (símbolos, etc.) es.. | BO2: 62. En su puesto de trabajo, ¿Respira polvos, humos, aerosoles, gases o vapores nocivos o tóxicos? (excluido el humo del tabaco) | BP2: 63. En su trabajo, ¿Maneja o tiene contacto directo con materiales que pueden ser infecciosos, tales coma desechos, fluidos corporales, materiales de laboratorio, animales? | BQ2: 64. ¿Conoce usted los posibles efectos perjudiciales para su salud de la manipulación y/o respiración de esas sustancias nocivas o tóxicas? | BR2: 65. ¿Le han informado en su empresa de las medidas a adoptar para prevenir estos posibles efectos perjudiciales? | BS2: 66. En general, el nivel de atención que debe mantener para realizar su trabajo es: | BT2: 67. En los últimos 3 meses, la cantidad de trabajo que ha tenido generalmente es: | BU2: 68. El ritmo de trabajo esta determinado por: | BV2: 69. El ritmo de trabajo es: | BW2: 70. Cuando en su puesto de trabajo se comete algún error, ¿Qué sucede? | BX2: 71. Le parece adecuado su horario de trabajo? | BY2: 72. ¿Considera que tiene que realizar tareas que no le corresponden? | BZ2: 73. ¿Hasta que punto puede tomar decisiones en su trabajo? | CA2: 74. ¿Cómo considera que son las relaciones con las personas con las que debe trabajar? [JEFES] | CB2: 74. ¿Cómo considera que son las relaciones con las personas con las que debe trabajar? [COMPAÑEROS] | CC2: 74. ¿Cómo considera que son las relaciones con las personas con las que debe trabajar? [SUBORDINADOS] | CD2: 75. ¿Existe algún obstáculo que dificulte la comunicación con sus compañeros? | CE2: 76. En caso de ser afirmativa la respuesta anterior, ¿Cuál de los siguientes aspectos dificulta esta comunicación? (Si es necesario marque mas de una respuesta) | CF2: 77. ¿Ha asistido a cursos de capacitación o formación complementaria para el desempeño de su trabajo? | CG2: 78. En caso de ser afirmativa la respuesta anterior, a ¿Cuántos cursos ha asistido? | CH2: 79. ¿Le parece suficiente la formación que le ha proporcionado la empresa en la que actualmente labora, para el desempeño de su trabajo? | CI2: 80. ¿Conoce si hay algún procedimiento establecido para la promoción del personal? | CJ2: 81. ¿Qué tipo de contrato de trabajo tiene celebrado con la empresa en la que actualmente labora? | CK2: 82. ¿Cómo cree que esta considerado su puesto de trabajo en la empresa? | CL2: 83. ¿Qué tipo de preparación necesita para desempeñar su puesto de trabajo? | CM2: 84. Además de su formación académica, ¿Para desarrollar su trabajo se requiere de aptitudes? | CN2: 85. Usted fuma o fumaba? | CO2: 86. Si la respuesta anterior fue "Si" podría especificar la cantidad de cigarros al día y los años que lleva fumando o que fumo? | CP2: 87. Si no es usted fumador, ¿Considera que el humo de tabaco de los demás perjudica su salud? | CQ2: 88. En caso de ser afirmativa la respuesta anterior, ¿Con qué frecuencia esta expuesto al humo de tabaco? | CR2: 89. Consume o consumía alcohol? | CS2: 90. Si la respuesta anterior fue "Si" pudieras especificar el tipo de alcohol (cerveza, tequila, etc.), la cantidad de consumo por semana (latas, vasos, botella) y el número de años que has consumido alcohol? | CT2: 91. Realiza actividad física? | CU2: 92. Con que frecuencia realiza actividad física a la semana (Tomando en cuenta que mínimo son 30 min al día) | CV2: 93. Seleccione si en su familia ha habido casos de: | CW2: 94. ¿Tiene usted alguno de los siguientes padecimientos heredofamiliares o crónicos degenerativos? | CX2: 95. Si la respuesta anterior fue "Otros" favor de especificar la enfermedad que padece: | CY2: 96. Si padece alguno o algunos de las padecimientos señalados en la pregunta anterior, ¿lleva algún tratamiento de control? | CZ2: 97. Favor de especificar el nombre del medicamento (os) o suplementos que consume: | DA2: 98. Alergias: Si o No y favor de especificar a que es alérgico. | DB2: 99. ¿Alguna vez ha sufrido un accidente de trabajo? | DC2: 100. En caso de ser afirmativa la respuesta anterior, mencione ¿Cuál? | DD2: 101. En su historial de trabajo, ¿ha tenido alguna incapacidad? | DE2: 102. En caso de ser afirmativa la respuesta anterior, mencione de qué tipo: | DF2: 103. ¿Consume mariguana, heroína, LSD, cocaína barbitúricos, anfetaminas o cualquier otro tipo de drogas psicoactivas? | DG2: 104. Tipo de droga: | DH2: 105. Frecuencia: | DI2: 106. Selecciona la última ocasión que consumiste | DJ2: 107. ¿Ha recibido tratamiento con relación al consumo de drogas psicoactivas? | DK2: 108. ¿Pertenece o ha pertenecido a instituciones para su rehabilitación? | DL2: 109. Las preguntas que a continuación se presentan, se refieren a síntomas que usted puede experimentar en su trabajo, por favor señale cuales son aquellos síntomas que se relacionen con usted y con que frecuencia lo presenta: Síntomas oculares [Sequedad ocular ] | DM2: 109. Las preguntas que a continuación se presentan, se refieren a síntomas que usted puede experimentar en su trabajo, por favor señale cuales son aquellos síntomas que se relacionen con usted y con que frecuencia lo presenta: Síntomas oculares [Lagrimeo] | DN2: 109. Las preguntas que a continuación se presentan, se refieren a síntomas que usted puede experimentar en su trabajo, por favor señale cuales son aquellos síntomas que se relacionen con usted y con que frecuencia lo presenta: Síntomas oculares [Enrojecimiento o comezón ocular] | DO2: 109. Las preguntas que a continuación se presentan, se refieren a síntomas que usted puede experimentar en su trabajo, por favor señale cuales son aquellos síntomas que se relacionen con usted y con que frecuencia lo presenta: Síntomas oculares [Dolor ocular ] | DP2: 109. Las preguntas que a continuación se presentan, se refieren a síntomas que usted puede experimentar en su trabajo, por favor señale cuales son aquellos síntomas que se relacionen con usted y con que frecuencia lo presenta: Síntomas oculares [Hinchazón ocular ] | DQ2: 109. Las preguntas que a continuación se presentan, se refieren a síntomas que usted puede experimentar en su trabajo, por favor señale cuales son aquellos síntomas que se relacionen con usted y con que frecuencia lo presenta: Síntomas oculares [Visión Borrosa] | DR2: 110. Las preguntas que a continuación se presentan, se refieren a síntomas que usted puede experimentar en su trabajo, por favor señale cuales son aquellos síntomas que se relacionen con usted y con que frecuencia lo presenta: Síntomas nasales [Estornudos frecuentes ] | DS2: 110. Las preguntas que a continuación se presentan, se refieren a síntomas que usted puede experimentar en su trabajo, por favor señale cuales son aquellos síntomas que se relacionen con usted y con que frecuencia lo presenta: Síntomas nasales [Sequedad nasal ] | DT2: 110. Las preguntas que a continuación se presentan, se refieren a síntomas que usted puede experimentar en su trabajo, por favor señale cuales son aquellos síntomas que se relacionen con usted y con que frecuencia lo presenta: Síntomas nasales [Congestión nasal ] | DU2: 110. Las preguntas que a continuación se presentan, se refieren a síntomas que usted puede experimentar en su trabajo, por favor señale cuales son aquellos síntomas que se relacionen con usted y con que frecuencia lo presenta: Síntomas nasales [Rinorrea (goteo o liquido nasal)] | DV2: 110. Las preguntas que a continuación se presentan, se refieren a síntomas que usted puede experimentar en su trabajo, por favor señale cuales son aquellos síntomas que se relacionen con usted y con que frecuencia lo presenta: Síntomas nasales [Pérdida del olfato ] | DW2: 110. Las preguntas que a continuación se presentan, se refieren a síntomas que usted puede experimentar en su trabajo, por favor señale cuales son aquellos síntomas que se relacionen con usted y con que frecuencia lo presenta: Síntomas nasales [Hemorragia nasal ] | DX2: 111. Síntomas de garganta [Resequedad ] | DY2: 111. Síntomas de garganta [Ronquera] | DZ2: 111. Síntomas de garganta [Irritación ] | EA2: 111. Síntomas de garganta [Dolor de garganta ] | EB2: 111. Síntomas de garganta [Sensación de cuerpo extraño ] | EC2: 111. Síntomas de garganta [Dificultad o dolor al tragar ] | ED2: 112. Síntomas bucales [Halitosis o mal aliento ] | EE2: 112. Síntomas bucales [Sequedad bucal ] | EF2: 112. Síntomas bucales [Sangrado de encías ] | EG2: 112. Síntomas bucales [Ulceras bucales ] | EH2: 112. Síntomas bucales [Lesiones o placas blanquecinas ] | EI2: 113. Síntomas cutáneos [Sequedad en la piel ] | EJ2: 113. Síntomas cutáneos [Comezón en la piel ] | EK2: 113. Síntomas cutáneos [Enrojecimiento] | EL2: 113. Síntomas cutáneos [Ampollas o vesículas ] | EM2: 113. Síntomas cutáneos [Ulceras o necrosis] | EN2: 114. Síntomas digestivos [Nauseas ] | EO2: 114. Síntomas digestivos [Pérdida del apetito] | EP2: 114. Síntomas digestivos [Estreñimiento] | EQ2: 114. Síntomas digestivos [Diarrea o vomito ] | ER2: 114. Síntomas digestivos [Dolor abdominal ] | ES2: 114. Síntomas digestivos [Heces o vomito con sangre ] | ET2: 115. Síntomas parecidos a la gripe [Cansancio o fatiga] | EU2: 115. Síntomas parecidos a la gripe [Congestion nasal ] | EV2: 115. Síntomas parecidos a la gripe [Dolor de cabeza ] | EW2: 115. Síntomas parecidos a la gripe [Tos ] | EX2: 115. Síntomas parecidos a la gripe [Fiebre ] | EY2: 115. Síntomas parecidos a la gripe [Dificultad para respirar ] | EZ2: SINTOMAS DOLOROSOS 116. A) indique si tiene molestia o dolor, su frecuencia, si le ha impedido realizar su trabajo actual, y si esa molestia o dolor se han producido coma consecuencia de las tareas que realiza en su puesto de trabajo. [Tiene dolor en esta zona ? Cuello, hombros.] | FA2: 117. ¿Con qué frecuencia? | FB2: 118. Esta molestia ¿le ha impedido realizar su trabajo? | FC2: 119. ¿Con qué frecuencia? | FD2: 120. Esta molestia ¿es consecuencia de las tareas del puesto que ocupa? | FE2: 121. Tiene dolor en alguna de estas zonas? | FF2: 122. ¿Con qué frecuencia? | FG2: 123. Esta molestia ¿le ha impedido realizar su trabajo? | FH2: 124. ¿Con que frecuencia? | FI2: 125. Esta molestia ¿es consecuencia de las tareas del puesto que ocupa? | FJ2: 126. Dolor de codos manos y/o muñecas. | FK2: 127. ¿Con que frecuencia? | FL2: 128. Esta molestia ¿le ha impedido realizar su trabajo? | FM2: 129. Con que frecuencia? | FN2: 130. Esta molestia ¿es consecuencia de las tareas del puesto que ocupa? | FO2: 131. Dolor de piernas y pies. | FP2: 132. ¿Con qué frecuencia? | FQ2: 133. Esta molestia ¿le ha impedido realizar su trabajo? | FR2: 134. ¿Con qué frecuencia? | FS2: 135. Esta molestia ¿es consecuencia de las tareas del puesto que ocupa? | FT2: 136. En su trabajo, ¿Cuánto tiempo tiene que adoptar o realizar estas posturas? SENTADO | FU2: 137. De pie | FV2: 138. Caminando | FW2: 139. Caminando mientras subo o bajo niveles diferentes (peldaños, escalera, rampa, etc.) | FX2: 140. En postura de rodillas/en cuclillas. | FY2: 141. Tumbado sobre la espalda o sobre un lado. | FZ2: 142. En su trabajo, durante cuanto tiempo tiene que adoptar o realizar estas posturas de cuello/cabeza y ¿con que frecuencia? | GA2: 143. Inclinar el cuello/cabeza | GB2: 144. Inclinar el cuello/cabeza hacia un lado o ambos | GC2: 145. En su trabajo, durante cuanto tiempo tiene que adoptar o realizar estas posturas de espalda/tronco y ¿con que frecuencia? | GD2: 146. Inclinar la espalda/tronco hacia atrás | GE2: 147. Inclinar la espalda/tronco hacia un lado o ambos | GF2: 148. Girar la espalda/tronco. | GG2: 149. En su trabajo, durante cuanto tiempo tiene que adoptar o realizar estas posturas de hombros, muñecas y tobillos/pies, y ¿con que frecuencia? Las manos por encima de la cabeza o los codos por encima de los hombros. | GH2: 150. Ejerciendo presión con uno de los pies | GI2: 151. En su trabajo, durante ¿Cuánto tiempo tiene que adoptar o realizar estas acciones con las manos? Sostener, presionar o levantar objetos o herramientas con los dedos en forma de pinza. | GJ2: 152. Agarrar o sujetar con fuerza objetos o herramientas con las manos | GK2: 153. Utilizar de manera intensiva los dedos, (ordenador, controles, botoneras, mando, calculadora, caja registradora, etc.) | GL2: 154. En su trabajo, ¿durante cuanto tiempo tiene que trabajar realizando estas acciones relacionadas con la exposición a vibraciones y/o impactos? | GM2: 155. Trabajar sobre superficies vibrantes (asiento de vehículo, plataforma o suelo vibrante, etc.) | GN2: 156. Utilizar herramientas y máquinas de impacto o vibrantes (taladro, remachadora, amoladora, martillo, grapadora neumática, etc.) | GO2: 157. Utilizar la mano (el pie o la rodilla) como martillo, golpeando de forma repetida. | GP2: Responda en relación a cada una de las acciones. 158. LEVANTAR MANUALMENTE, objetos, herramientas, materiales de mas de 3kg. ¿Durante cuanto tiempo tienes que trabajar realizando esta acción? | GQ2: 159. Los pesos que con mayor frecuencia levantas son de: | GR2: 160. Señala si habitualmente: | GS2: 161. TRANSPORTAR MANUALMENTE objetos, herramientas, materiales de mas de 3kg. ¿Durante cuanto tiempo tienes que trabajar realizando esta acción? | GT2: 162. Los pesos que con mayor frecuencia levantas son de: | GU2: 163. Señala si habitualmente: | GV2: 164. EMPUJAR Y/O ARRASTRAR MANUALMENTE utilizando algún equipo (carretilla, transpaleta, carro...) objetos, herramientas, materiales de mas de 3kg. ¿Durante cuanto tiempo tienes que trabajar realizando esta acción? | GW2: 165. Señala si habitualmente: | GX2: 166. Accidente que tenga como consecuencia la muerte, la pérdida de un miembro o una lesión grave. | GY2: 167. Actos violentos que derivaron de lesiones graves | GZ2: 168. Asaltos | HA2: 169. Secuestros | HB2: 170. Si usted ha contestado que "SI" a una o más de las preguntas anteriores, favor de contestar las siguientes: ¿Durante el último mes? | HC2: 171. ¿Ha tenido recuerdos recurrentes sobre el acontecimiento que le provocan malestares? | HD2: 172. ¿Ha tenido sueños de carácter recurrente sabre el acontecimiento, que le producen malestar? | HE2: 173. Durante el último mes ¿Se ha esforzado para evitar todo tipo de sentimientos, conversaciones o situaciones que le puedan recordar el acontecimiento? | HF2: 174. ¿Se ha esforzado para evitar todo tipo de actividades, lugares o personas que motivan recuerdos del acontecimiento? | HG2: 175. ¿Ha tenido dificultad para recordar alguna parte importante del evento? | HH2: 176. ¿Ha disminuido su interés en sus actividades cotidianas? | HI2: 177. ¿Se ha sentido usted alejado o distante de las demás? | HJ2: 178. ¿Ha notado que tiene dificultad para expresar sus sentimientos? | HK2: 179. Ha tenido la impresión de que su vida se va a acortar, ¿Qué va a morir antes que otras personas o que tiene un futuro limitado? | HL2: 180. ¿Ha estado particularmente irritable o le han dado arranques de coraje? | HM2: 181. ¿Ha tenido dificultad para concentrarse? | HN2: 182. ¿Ha estado nervioso o constantemente en alerta? | HO2: 183. ¿Se ha sobresaltado fácilmente para cualquier cosa?
A3: 1 | B3: 45841.47 | C3: Anhelo Silva Jose Hugo | D3: 27772 | E3: Servicios Juridicos | F3: Abogado | G3: Soltero | H3: Masculino | I3: Universidad | J3: Auxiliar Administrativo | K3: menos de 1 año | L3: menos de 1 año | M3: Lunes a viernes | N3: menos de 7 horas | O3: Propio | P3: 1 | Q3: De $500 a $1000 pesos | R3: 0 a 15 minutos | S3: No aplica | T3: Propia | U3: 5 o mas veces a la semana | V3: 5 o mas veces a la semana | W3: 5 o mas veces a la semana | X3: 1 a 2 veces a la semana | Y3: Si, cuento con las recursos economicos y el tiempo para acceder a mis alimentos | Z3: De 1 a 2 veces al año | AA3: No tengo hijos | AB3: Sentado | AC3: Sí | AD3: Aire acondicionado | AE3: Normal | AF3: No afecta | AG3: No se perciben olores | AH3: Adecuada a mis actividades | AI3: No le molestan estos aspectos | AJ3: Sí | AK3: Bajo – Hay algo de ruido, pero no es molesto ni afecta la concentración. | AL3: Sistema de ventilación | AM3: 1 - 3 horas | AN3: No lo conozco | AO3: Nunca | AP3: No | AU3: No | AX3: No | BC3: No | BD3: Sí | BE3: Sí | BF3: No | BG3: No | BH3: No | BI3: No | BJ3: No | BK3: No | BS3: Media | BT3: Insuficiente | BU3: No hay un ritmo prefijado | BV3: Normal | BW3: Provoca problemas menores | BX3: Sí | BY3: Nunca | BZ3: Nunca | CA3: BUENA | CB3: BUENA | CC3: BUENA | CD3: No | CE3: No hay obstáculos que dificulten la comuniación | CF3: No | CG3: 1 | CH3: Sí | CI3: No | CJ3: Indeterminado | CK3: Poco importante | CL3: Formación superior | CM3: Muy pocas | CN3: No | CO3: No fumo | CP3: No | CQ3: No aplica | CR3: Si | CS3: 5 veces por semana | CT3: Si | CU3: Mas de 5 días a la semana | CV3: Cáncer, Diabetes, Enfermedades del corazón, Presión arterial alta | CW3: Ninguna | CX3: No | CY3: No aplica | CZ3: No | DA3: No | DB3: No | DC3: No | DD3: No | DE3: No | DF3: Sí | DG3: Cocaina | DH3: Frecuentemente (todos los días) | DI3: En la última semana | DJ3: No | DK3: No | DL3: Muchas veces | DM3: Muchas veces | DN3: Muchas veces | DO3: Muchas veces | DP3: Muchas veces | DQ3: Muchas veces | DR3: Muchas veces | DS3: Muchas veces | DT3: Muchas veces | DU3: Muchas veces | DV3: Muchas veces | DW3: Muchas veces | DX3: Nunca | DY3: Nunca | DZ3: Nunca | EA3: Nunca | EB3: Nunca | EC3: Nunca | ED3: Nunca | EE3: Nunca | EF3: Nunca | EG3: Nunca | EH3: Nunca | EI3: Nunca | EJ3: Nunca | EK3: Nunca | EL3: Nunca | EM3: Nunca | EN3: A veces | EO3: A veces | EP3: A veces | EQ3: Nunca | ER3: A veces | ES3: Nunca | ET3: A veces | EU3: A veces | EV3: A veces | EW3: A veces | EX3: Nunca | EY3: Nunca | EZ3: Nunca | FA3: Nunca | FB3: No | FC3: Nunca | FD3: No | FE3: Nunca | FF3: Nunca | FG3: Nunca | FH3: Nunca | FI3: No | FJ3: A veces | FK3: Rara vez (una vez al mes o menos) | FL3: No | FM3: Rara vez (una vez al mes o menos) | FN3: No | FO3: Sí | FP3: Regularmente (algunas veces a la semana) | FQ3: A veces | FR3: Rara vez (una vez al mes o menos) | FS3: No | FT3: Mas de 4 horas | FU3: Menos de 30 minutos | FV3: Entre 2 y 4 horas | FW3: Entre 30 min y 2 horas | FX3: Nunca | FY3: Nunca | FZ3: Nunca | GA3: Nunca | GB3: Nunca | GC3: Nunca | GD3: Nunca | GE3: Nunca | GF3: Nunca | GG3: Nunca | GH3: Nunca | GI3: Menos de 30 minutos | GJ3: Menos de 30 minutos | GK3: Entre 2 y 4 horas | GL3: Menos de 30 minutos | GM3: Menos de 30 minutos | GN3: Menos de 30 minutos | GO3: Menos de 30 minutos | GP3: Menos de 30 minutos | GQ3: Mas de 25 kilos | GR3: Levantas la carga tu solo/a (sin ayuda de otra persona) | GS3: Menos de 30 minutos | GT3: Mas de 25 kilos | GU3: Transportas la carga tu solo/a (sin ayuda de otra persona) | GV3: Menos de 30 minutos | GW3: Tienes que hacer mucha fuerza para iniciar el empuje y/o arrastre | GX3: No | GY3: No | GZ3: No | HA3: No | HB3: No | HC3: No | HD3: No | HE3: No | HF3: No | HG3: Sí | HH3: Sí | HI3: Sí | HJ3: Sí | HK3: Sí | HL3: Sí | HM3: Sí | HN3: No | HO3: No
A4: 2 | B4: 45844.407 | C4: Gómez Rodríguez Alejandra | D4: 31842 | E4: Departamento de contabilidad y auditoría | F4: Contador general | G4: Casado | H4: Femenino | I4: Universidad | J4: Auxiliar Administrativo | K4: 3 a 6 años | L4: 2 a 3 años | M4: Lunes a viernes | N4: 8 horas | O4: Propio | P4: 1 | Q4: De $500 a $1000 pesos | R4: 31 a 45 minutos | S4: No aplica | T4: Rentada | U4: 3 a 4 veces a la semana | V4: 1 a 2 veces a la semana | W4: 5 o mas veces a la semana | X4: 1 a 2 veces a la semana | Y4: Si, cuento con las recursos economicos y el tiempo para acceder a mis alimentos | Z4: De 1 a 2 veces al año | AA4: Pública | AB4: Sentado | AC4: Sí | AD4: Aire acondicionado | AE4: Normal | AF4: No afecta | AG4: Comida | AH4: Intensa | AI4: La distribución y orden del espacio, Perturbaciones o distracciones | AJ4: Sí | AK4: Alto – El ruido es notable y puede resultar molesto, afectando la concentración y productividad. | AL4: Conversaciones | AM4: 3 - 5 horas | AN4: No lo conozco | AO4: Nunca | AP4: No | AU4: No | AX4: No | BC4: No | BD4: Sí | BE4: Sí | BF4: Sí | BG4: No | BH4: Sí | BI4: No | BJ4: No | BK4: No | BS4: Media | BT4: Suficiente | BU4: Causas externas: publico/clientes | BV4: Normal | BW4: Produce consecuencias graves | BX4: Sí | BY4: A menudo | BZ4: Algunas Veces | CA4: BUENA | CB4: BUENA | CC4: BUENA | CD4: No | CE4: No hay obstáculos que dificulten la comuniación | CF4: Sí | CG4: Más de 4 | CH4: Sí | CI4: No | CJ4: Determinado | CK4: Importante | CL4: Formación superior | CM4: Bastantes | CN4: No | CP4: Sí | CQ4: Ocasionalmente (algunas veces al mes) | CR4: Si | CS4: 1-2 latas de cerveza por semana por 10 años, de forma intermitente. | CT4: Si | CU4: 1 o 2 días a la semana | CV4: Diabetes, Presión arterial alta | CW4: Ninguna | CY4: No aplica | CZ4: Complejo B, vitamina C | DA4: Penicilina | DB4: No | DC4: No he sufrido un accidente | DD4: Si | DE4: Secundaria a un esguince de tobillo | DF4: No | DG4: No uso drogas | DH4: Nunca | DI4: No aplica | DJ4: No | DK4: No | DL4: A veces | DM4: Nunca | DN4: A veces | DO4: A veces | DP4: Nunca | DQ4: Nunca | DR4: Nunca | DS4: A veces | DT4: A veces | DU4: Nunca | DV4: Nunca | DW4: Nunca | DX4: A veces | DY4: Nunca | DZ4: Nunca | EA4: Nunca | EB4: Nunca | EC4: Nunca | ED4: Nunca | EE4: Nunca | EF4: Nunca | EG4: Nunca | EH4: Nunca | EI4: A veces | EJ4: A veces | EK4: Nunca | EL4: Nunca | EM4: Nunca | EN4: Nunca | EO4: Nunca | EP4: A veces | EQ4: Nunca | ER4: A veces | ES4: Nunca | ET4: A veces | EU4: Nunca | EV4: A veces | EW4: Nunca | EX4: Nunca | EY4: Nunca | EZ4: A veces | FA4: Regularmente (algunas veces a la semana) | FB4: No | FC4: Nunca | FD4: Si | FE4: A veces | FF4: Regularmente (algunas veces a la semana) | FG4: No | FH4: Nunca | FI4: Si | FJ4: No | FK4: Nunca | FL4: No | FM4: Nunca | FN4: No | FO4: Sí | FP4: Frecuentemente (todos los días) | FQ4: No | FR4: Nunca | FS4: Si | FT4: Mas de 4 horas | FU4: Entre 30 min y 2 horas | FV4: Menos de 30 minutos | FW4: Menos de 30 minutos | FX4: Nunca | FY4: Nunca | FZ4: Entre 2 y 4 horas | GA4: Menos de 30 minutos | GB4: Menos de 30 minutos | GC4: Menos de 30 minutos | GD4: Nunca | GE4: Nunca | GF4: Nunca | GG4: Nunca | GH4: Nunca | GI4: Nunca | GJ4: Nunca | GK4: Mas de 4 horas | GL4: Nunca | GM4: Nunca | GN4: Nunca | GO4: Nunca | GP4: Nunca | GQ4: No levanto peso | GR4: No levanto peso | GS4: Nunca | GT4: No levanto peso | GU4: No levanto peso | GV4: Nunca | GW4: No empujo | GX4: No | GY4: No | GZ4: Si | HA4: No | HB4: No | HC4: No | HD4: No | HE4: No | HF4: No | HG4: No | HH4: No | HI4: No | HJ4: Sí | HK4: No | HL4: Sí | HM4: No | HN4: No | HO4: No
A5: 3 | B5: 45845.57 | C5: Jorge Ferrer López | D5: 29479 | E5: Departamento Jurídico | F5: Abogado | G5: Casado | H5: Masculino | I5: Posgrado | J5: Mandos Medios | K5: 18 a 21 años | L5: mas de 3 años | M5: Lunes a viernes | N5: 8 horas | O5: Propio | P5: 2 | Q5: Mas de $1500 pesos | R5: 31 a 45 minutos | S5: No aplica | T5: Propia | U5: 3 a 4 veces a la semana | V5: 5 o mas veces a la semana | W5: 3 a 4 veces a la semana | X5: 3 a 4 veces a la semana | Y5: Si, cuento con las recursos economicos y el tiempo para acceder a mis alimentos | Z5: De 1 a 2 veces al año | AA5: Privada | AB5: Sentado | AC5: Sí | AD5: Aire acondicionado | AE5: Frío | AF5: Alergia | AG5: Corporales (sudor, mal aliento, olor a pies, orina, heces, flatulencias) | AH5: Intensa | AI5: La distribución y orden del espacio, Sentimiento de encierro, Falta de socialización laboral, Aislamiento | AJ5: Sí | AK5: Bajo – Hay algo de ruido, pero no es molesto ni afecta la concentración. | AL5: Conversaciones | AM5: 3 - 5 horas | AN5: No lo conozco | AO5: Algunas veces | AP5: No | AU5: No | AX5: No | BC5: No | BD5: No | BE5: Sí | BF5: No | BG5: No | BH5: No | BI5: No | BJ5: No | BK5: No | BS5: Media | BT5: Excesiva | BU5: No hay un ritmo prefijado | BV5: Apresurado | BW5: Entorpece el trabajo | BX5: Sí | BY5: A veces | BZ5: Siempre | CA5: BUENA | CB5: BUENA | CC5: BUENA | CD5: No | CE5: No hay obstáculos que dificulten la comuniación | CF5: Sí | CG5: 2 | CH5: Sí | CI5: No | CJ5: Indeterminado | CK5: Importante | CL5: Formación superior | CM5: Bastantes | CN5: No | CP5: Sí | CQ5: Frecuentemente (todos los días) | CR5: Si | CS5: Tequila, un día de la semana | CT5: No | CU5: No realizo | CV5: Cáncer, Diabetes, Enfermedades del corazón, Enfermedades de los riñones | CW5: Ninguna | CY5: No aplica | CZ5: No consumo | DA5: No | DB5: No | DC5: No sufrí accidentes de trabajo | DD5: Si | DE5: Estrés, vista borrosa, ansiedad, migraña | DF5: No | DG5: No aplica | DH5: Nunca | DI5: No aplica | DJ5: No | DK5: No | DL5: Muchas veces | DM5: A veces | DN5: Muchas veces | DO5: Nunca | DP5: Nunca | DQ5: Muchas veces | DR5: Nunca | DS5: Nunca | DT5: Nunca | DU5: Nunca | DV5: Nunca | DW5: Nunca | DX5: A veces | DY5: A veces | DZ5: A veces | EA5: Muchas veces | EB5: Nunca | EC5: A veces | ED5: Nunca | EE5: Nunca | EF5: A veces | EG5: Nunca | EH5: Nunca | EI5: A veces | EJ5: Nunca | EK5: Nunca | EL5: Nunca | EM5: Nunca | EN5: Nunca | EO5: Nunca | EP5: Muchas veces | EQ5: A veces | ER5: Muchas veces | ES5: Nunca | ET5: Nunca | EU5: Nunca | EV5: Muchas veces | EW5: A veces | EX5: Nunca | EY5: Nunca | EZ5: A veces | FA5: Rara vez (una vez al mes o menos) | FB5: No | FC5: Nunca | FD5: Si | FE5: Sí | FF5: Rara vez (una vez al mes o menos) | FG5: No | FH5: Nunca | FI5: Si | FJ5: No | FK5: Nunca | FL5: No | FM5: Nunca | FN5: No | FO5: No | FP5: Nunca | FQ5: No | FR5: Nunca | FS5: No | FT5: Mas de 4 horas | FU5: Menos de 30 minutos | FV5: Menos de 30 minutos | FW5: Nunca | FX5: Nunca | FY5: Nunca | FZ5: Entre 2 y 4 horas | GA5: Nunca | GB5: Nunca | GC5: Nunca | GD5: Nunca | GE5: Nunca | GF5: Nunca | GG5: Nunca | GH5: Nunca | GI5: Nunca | GJ5: Nunca | GK5: Mas de 4 horas | GL5: Nunca | GM5: Nunca | GN5: Nunca | GO5: Nunca | GP5: Nunca | GQ5: No levanto peso | GR5: No levanto peso | GS5: Nunca | GT5: No levanto peso | GU5: No levanto peso | GV5: Nunca | GW5: No empujo | GX5: Sí | GY5: No | GZ5: No | HA5: No | HB5: No | HC5: No | HD5: Sí | HE5: Sí | HF5: No | HG5: No | HH5: Sí | HI5: No | HJ5: Sí | HK5: No | HL5: Sí | HM5: Sí | HN5: No | HO5: No
A6: 4 | B6: 45846.483 | C6: PERLA VIRIDIANA GONZALEZ ESPARZA | D6: 33994 | E6: Administración | F6: Auxiliar Administrativo | G6: Soltero | H6: Femenino | I6: Universidad | J6: Auxiliar Administrativo | K6: 6 a 9 años | L6: mas de 3 años | M6: Lunes a viernes | N6: 8 horas | O6: Público | P6: No tengo | Q6: No aplica | R6: mas de 1 hora | S6: De $50 a $100 pesos | T6: Propia | U6: 1 a 2 veces a la semana | V6: 3 a 4 veces a la semana | W6: 5 o mas veces a la semana | X6: 3 a 4 veces a la semana | Y6: No, el ritmo de trabajo no me permite comprar y preparar mis alimentos | Z6: De 1 a 2 veces al año | AA6: No tengo hijos | AB6: Sentado | AC6: Sí | AD6: Aire acondicionado | AE6: Normal | AF6: No afecta | AG6: No se perciben olores | AH6: Adecuada a mis actividades | AI6: No le molestan estos aspectos | AJ6: No | AO6: Nunca | AP6: No | AU6: No | AX6: No | BC6: No | BD6: No | BE6: Sí | BF6: No | BG6: No | BH6: No | BI6: No | BJ6: No | BK6: No | BS6: Alta | BT6: Suficiente | BU6: Objetivos que hay que alcanzar | BV6: Apresurado | BW6: Provoca problemas menores | BX6: Sí | BY6: A menudo | BZ6: Algunas Veces | CA6: BUENA | CB6: BUENA | CC6: BUENA | CD6: No | CE6: No hay obstáculos que dificulten la comuniación | CF6: Sí | CG6: 1 | CH6: Sí | CI6: Sí | CJ6: Indeterminado | CK6: De los mas importantes | CL6: Formación superior | CM6: Bastantes | CN6: No | CP6: Sí | CQ6: Rara vez (una vez al mes o menos) | CR6: Si | CS6: Tequila, no he consumido durante mucho tiempo y aproximadamente 9 años | CT6: Si | CU6: 1 o 2 días a la semana | CV6: Diabetes, Presión arterial alta | CW6: Ninguna | CY6: No aplica | CZ6: No consumo | DA6: NO | DB6: No | DC6: NO | DD6: No | DE6: NINGUNA | DF6: No | DG6: NINGUNA | DH6: Nunca | DI6: No aplica | DJ6: No | DK6: No | DL6: A veces | DM6: Nunca | DN6: Nunca | DO6: Nunca | DP6: Nunca | DQ6: Nunca | DR6: A veces | DS6: Nunca | DT6: A veces | DU6: A veces | DV6: Nunca | DW6: Nunca | DX6: Muchas veces | DY6: A veces | DZ6: A veces | EA6: Muchas veces | EB6: A veces | EC6: A veces | ED6: Nunca | EE6: Nunca | EF6: Nunca | EG6: Nunca | EH6: Nunca | EI6: Nunca | EJ6: Nunca | EK6: Nunca | EL6: Nunca | EM6: Nunca | EN6: A veces | EO6: Nunca | EP6: Nunca | EQ6: A veces | ER6: A veces | ES6: Nunca | ET6: A veces | EU6: A veces | EV6: A veces | EW6: A veces | EX6: A veces | EY6: Nunca | EZ6: Si | FA6: Ocasionalmente (algunas veces al mes) | FB6: No | FC6: Nunca | FD6: Si | FE6: A veces | FF6: Rara vez (una vez al mes o menos) | FG6: No | FH6: Nunca | FI6: Si | FJ6: Sí | FK6: Regularmente (algunas veces a la semana) | FL6: A veces | FM6: Rara vez (una vez al mes o menos) | FN6: Si | FO6: A veces | FP6: Regularmente (algunas veces a la semana) | FQ6: No | FR6: Nunca | FS6: No | FT6: Mas de 4 horas | FU6: Menos de 30 minutos | FV6: Menos de 30 minutos | FW6: Nunca | FX6: Nunca | FY6: Nunca | FZ6: Entre 30 min y 2 horas | GA6: Nunca | GB6: Nunca | GC6: Nunca | GD6: Nunca | GE6: Nunca | GF6: Nunca | GG6: Nunca | GH6: Nunca | GI6: Nunca | GJ6: Nunca | GK6: Mas de 4 horas | GL6: Nunca | GM6: Nunca | GN6: Nunca | GO6: Nunca | GP6: Nunca | GQ6: No levanto peso | GR6: No levanto peso | GS6: Nunca | GT6: No levanto peso | GU6: No levanto peso | GV6: Nunca | GW6: No empujo | GX6: No | GY6: No | GZ6: No | HA6: No | HB6: No | HC6: No | HD6: No | HE6: No | HF6: No | HG6: No | HH6: No | HI6: No | HJ6: No | HK6: No | HL6: No | HM6: No | HN6: No | HO6: No
A7: 5 | B7: 45869.896 | C7: Prueba 1 | D7: 33637 | E7: Arquitectos | F7: Arquitecto | G7: Soltero | H7: Femenino | I7: Universidad | J7: Auxiliar Administrativo | K7: 1 a 3 años | L7: 1 a 2 años | M7: Lunes a viernes | N7: 10 horas | O7: Plataforma (Uber, DIDI u otros) | P7: No tengo | Q7: No aplica | R7: 45 a 60 minutos | S7: Más de $100 pesos | T7: Prestada | U7: No consumo | V7: No consumo | W7: No consumo | X7: No consumo | Y7: No, el ritmo de trabajo no me permite comprar y preparar mis alimentos | Z7: Ninguna | AA7: No estudian | AB7: Ambos | AC7: Sí | AD7: Ventana o natural | AE7: Normal | AF7: Resequedad | AG7: Corporales (sudor, mal aliento, olor a pies, orina, heces, flatulencias) | AH7: Adecuada a mis actividades | AI7: La distribución y orden del espacio, Perturbaciones o distracciones, La falta de limpieza, Sentimiento de encierro, La decoración, La alfombra en el suelo y/o pared, Falta de socialización laboral, Aislamiento | AJ7: Sí | AK7: Muy alto – El ruido es muy fuerte y constante, impidiendo la concentración y generando incomodidad. | AL7: Maquinaria y/o equipos de producción | AM7: 5 horas o más | AN7: No lo conozco | AO7: Siempre | AP7: Sí | AQ7: Luz ultravioleta (soldadura eléctrica al arco, lámparas, germicidas…), excluida la luz solar, Luz infrarroja, Microondas (hornos de secado, antenas de telefonía móvil…), Radiofrecuencias (soldaduras por radiofrecuencias, calentamiento de bajíos…), Rayos lasser, Rayos X, rayos gamma, radioisótopos (radiodiagnóstico, radioterapia, diagnóstico de soldaduras) | AR7: Si | AS7: Sí | AT7: Guantes plomizos (para rayos x) | AU7: Sí | AV7: Líneas de vida y de anclaje | AW7: Caídas de distinto nivel en metros | AX7: Sí | AY7: Si | AZ7: Sí | BA7: Sí | BB7: Contacto con superficies calientes o flamas | BC7: Sí | BD7: Sí | BE7: Sí | BF7: Sí | BG7: Sí | BH7: Sí | BI7: Sí | BJ7: Sí | BK7: Sí | BL7: Hidrocarburos. (gasolina, Diesel, turbosina, etc.) | BM7: Si, todos | BN7: Complicada | BO7: Sí | BP7: Si, de forma deliberada o intencionada: laboratorios de diagnóstico microbiológico, trabajo con animales, obtención de vacunas, insulina u otros medicamentos, procesos de fermentación. | BQ7: Sí | BR7: Sí | BS7: Alta | BT7: Excesiva | BU7: El ritmo de una maquina o línea | BV7: Apresurado | BW7: Produce consecuencias graves | BX7: Sí | BY7: A menudo | BZ7: Siempre | CA7: MALA | CB7: MALA | CC7: MALA | CD7: Sí | CE7: La normatividad de la empresa, El inmediato superior, El ritmo de trabajo, No poder desviar la atención del trabajo, No hay obstáculos que dificulten la comuniación | CF7: Sí | CG7: 1 | CH7: No | CI7: No | CJ7: Determinado | CK7: Poco importante | CL7: Formación técnica | CM7: Bastantes | CN7: Si | CO7: 2 x día | CP7: Sí | CQ7: Regularmente (algunas veces a la semana) | CR7: Si | CS7: una copa diaria | CT7: Si | CU7: Mas de 5 días a la semana | CV7: Cáncer, Diabetes, Enfermedades del corazón, Presión arterial alta, Enfermedades de los riñones, Enfermedades cerebrovasculares, Enfermedades mentales, Intento de Suicidio, Enfermedades reumatológicas | CW7: Hipertensión Arterial Esencial, Obesidad Mórbida, Diabetes Mellitus tipo II, Otros | CX7: varias | CY7: No | CZ7: aspirina | DA7: si, al polvo | DB7: Si | DC7: me cai | DD7: Si | DE7: me rompi la nariz | DF7: Sí | DG7: heroina | DH7: Frecuentemente (todos los días) | DI7: En la última semana | DJ7: Sí | DK7: Sí | DL7: Muchas veces | DM7: Muchas veces | DN7: Muchas veces | DO7: Muchas veces | DP7: Muchas veces | DQ7: Muchas veces | DR7: Muchas veces | DS7: Muchas veces | DT7: Muchas veces | DU7: Muchas veces | DV7: Muchas veces | DW7: Muchas veces | DX7: Muchas veces | DY7: Muchas veces | DZ7: Muchas veces | EA7: Muchas veces | EB7: Muchas veces | EC7: Muchas veces | ED7: Muchas veces | EE7: Muchas veces | EF7: Muchas veces | EG7: Muchas veces | EH7: Muchas veces | EI7: Muchas veces | EJ7: Muchas veces | EK7: Muchas veces | EL7: Muchas veces | EM7: Muchas veces | EN7: Muchas veces | EO7: Muchas veces | EP7: Muchas veces | EQ7: Muchas veces | ER7: Muchas veces | ES7: Muchas veces | ET7: Muchas veces | EU7: Muchas veces | EV7: Muchas veces | EW7: Muchas veces | EX7: Muchas veces | EY7: Muchas veces | EZ7: Si | FA7: Frecuentemente (todos los días) | FB7: Sí | FC7: Frecuentemente (todos los días) | FD7: Si | FE7: Sí | FF7: Frecuentemente (todos los días) | FG7: Sí | FH7: Frecuentemente (todos los días) | FI7: Si | FJ7: Sí | FK7: Frecuentemente (todos los días) | FL7: Sí | FM7: Frecuentemente (todos los días) | FN7: Si | FO7: Sí | FP7: Frecuentemente (todos los días) | FQ7: Sí | FR7: Frecuentemente (todos los días) | FS7: Si | FT7: Mas de 4 horas | FU7: Mas de 4 horas | FV7: Mas de 4 horas | FW7: Mas de 4 horas | FX7: Mas de 4 horas | FY7: Mas de 4 horas | FZ7: Mas de 4 horas | GA7: Mas de 4 horas | GB7: Mas de 4 horas | GC7: Mas de 4 horas | GD7: Mas de 4 horas | GE7: Mas de 4 horas | GF7: Mas de 4 horas | GG7: Mas de 4 horas | GH7: Mas de 4 horas | GI7: Mas de 4 horas | GJ7: Mas de 4 horas | GK7: Mas de 4 horas | GL7: Mas de 4 horas | GM7: Mas de 4 horas | GN7: Mas de 4 horas | GO7: Mas de 4 horas | GP7: Mas de 4 horas | GQ7: Mas de 25 kilos | GR7: Levantas la carga con dificultad por no tener buen agarre (sin asa) | GS7: Mas de 4 horas | GT7: Mas de 25 kilos | GU7: Tienes que transportar la carga cada pocos segundos | GV7: Mas de 4 horas | GW7: Tienes que empujar y/o arrastrar la carga cada pocos segundos | GX7: Sí | GY7: Sí | GZ7: Sí | HA7: Sí | HB7: Sí | HC7: Sí | HD7: Sí | HE7: Sí | HF7: Sí | HG7: Sí | HH7: Sí | HI7: Sí | HJ7: Sí | HK7: Sí | HL7: Sí | HM7: Sí | HN7: Sí | HO7: Sí
A8: 6 | B8: 2025/07/07 1:41:03 PM CST | C8: Jorge Ferrer LÃ³pez | D8: 29479 | E8: Departamento JurÃ­dico | F8: Abogado | G8: Casado | H8: Masculino | I8: Posgrado | J8: Mandos Medios | K8: 18 a 21 | L8: mas de 3 aÃ±os | M8: Lunes a viernes | N8: 8 horas | O8: Propio | P8: 2 | Q8: Mas de $1500 pesos | R8: 31 a 45 minutos | S8: No aplica | T8: Propia | U8: 3 a 4 veces a la semana | V8: 5 o mas veces a la semana | W8: 3 a 4 veces a la semana | X8: 3 a 4 veces a la semana | Y8: Si, cuento con las recursos economicos y el tiempo para acceder a mis alimentos | Z8: De 1 a 2 veces al aÃ±o | AA8: Privada | AB8: Sentado | AC8: SÃ­ | AD8: Aire acondicionado | AE8: FrÃ­o | AF8: Alergia | AG8: Corporales (sudor, mal aliento, olor a pies, orina, heces, flatulencias) | AH8: Intensa | AI8: La distribuciÃ³n y orden del espacio;Sentimiento de encierro;Falta de socializaciÃ³n laboral;Aislamiento | AJ8: SÃ­ | AK8: Bajo â€“ Hay algo de ruido, pero no es molesto ni afecta la concentraciÃ³n. | AL8: Conversaciones | AM8: 3 - 5 horas | AN8: No lo conozco | AO8: Algunas veces | AP8: No | AU8: No | AX8: No | BC8: No | BD8: No | BE8: SÃ­ | BF8: No | BG8: No | BH8: No | BI8: No | BJ8: No | BK8: No | BS8: Media | BT8: Excesiva | BU8: No hay un ritmo prefijado | BV8: Apresurado | BW8: Entorpece el trabajo | BX8: SÃ­ | BY8: A veces | BZ8: Siempre | CA8: BUENA | CB8: BUENA | CC8: BUENA | CD8: No | CE8: No hay obstÃ¡culos que dificulten la comuniaciÃ³n | CF8: SÃ­ | CG8: 2 | CH8: SÃ­ | CI8: No | CJ8: Indeterminado | CK8: Importante | CL8: FormaciÃ³n superior | CM8: Bastantes | CN8: No | CP8: SÃ­ | CQ8: Frecuentemente (todos los dÃ­as) | CR8: Si | CS8: Tequila, un dÃ­a de la semana | CT8: No | CU8: No realizo | CV8: CÃ¡ncer;Diabetes;Enfermedades del corazÃ³n;Enfermedades de los riÃ±ones | CW8: Ninguna | CY8: No aplica | CZ8: No consumo | DA8: No | DB8: No | DC8: No sufrÃ­ accidentes de trabajo | DD8: Si | DE8: EstrÃ©s, vista borrosa, ansiedad, migraÃ±a | DF8: No | DG8: No aplica | DH8: Nunca | DI8: No aplica | DJ8: No | DK8: No | DL8: Muchas veces | DM8: A veces | DN8: Muchas veces | DO8: Nunca | DP8: Nunca | DQ8: Muchas veces | DR8: Nunca | DS8: Nunca | DT8: Nunca | DU8: Nunca | DV8: Nunca | DW8: Nunca | DX8: A veces | DY8: A veces | DZ8: A veces | EA8: Muchas veces | EB8: Nunca | EC8: A veces | ED8: Nunca | EE8: Nunca | EF8: A veces | EG8: Nunca | EH8: Nunca | EI8: A veces | EJ8: Nunca | EK8: Nunca | EL8: Nunca | EM8: Nunca | EN8: Nunca | EO8: Nunca | EP8: Muchas veces | EQ8: A veces | ER8: Muchas veces | ES8: Nunca | ET8: Nunca | EU8: Nunca | EV8: Muchas veces | EW8: A veces | EX8: Nunca | EY8: Nunca | EZ8: A veces | FA8: Rara vez (una vez al mes o menos) | FB8: No | FC8: Nunca | FD8: Si | FE8: SÃ­ | FF8: Rara vez (una vez al mes o menos) | FG8: No | FH8: Nunca | FI8: Si | FJ8: No | FK8: Nunca | FL8: No | FM8: Nunca | FN8: No | FO8: No | FP8: Nunca | FQ8: No | FR8: Nunca | FS8: No | FT8: Mas de 4 horas | FU8: Menos de 30 minutos | FV8: Menos de 30 minutos | FW8: Nunca | FX8: Nunca | FY8: Nunca | FZ8: Entre 2 y 4 horas | GA8: Nunca | GB8: Nunca | GC8: Nunca | GD8: Nunca | GE8: Nunca | GF8: Nunca | GG8: Nunca | GH8: Nunca | GI8: Nunca | GJ8: Nunca | GK8: Mas de 4 horas | GL8: Nunca | GM8: Nunca | GN8: Nunca | GO8: Nunca | GP8: Nunca | GQ8: No levanto peso | GR8: No levanto peso | GS8: Nunca | GT8: No levanto peso | GU8: No levanto peso | GV8: Nunca | GW8: No empujo | GX8: SÃ­ | GY8: No | GZ8: No | HA8: No | HB8: No | HC8: No | HD8: SÃ­ | HE8: SÃ­ | HF8: No | HG8: No | HH8: SÃ­ | HI8: No | HJ8: SÃ­ | HK8: No | HL8: SÃ­ | HM8: SÃ­ | HN8: No | HO8: No
A9: 7 | B9: 2025/09/09 1:08:13 PM CST | C9: jfl | D9: 29564 | E9: j | F9: f | G9: Casado | H9: Masculino | I9: Secundaria | J9: Supervisor Administrativo | K9: 9 a 12 aÃ±os | L9: 1 a 2 aÃ±os | M9: Lunes a sabado | N9: 9 horas | O9: Propio | P9: 3 | Q9: Mas de $1500 pesos | R9: 31 a 45 minutos | S9: De $50 a $100 pesos | T9: Rentada | U9: 3 a 4 veces a la semana | V9: 3 a 4 veces a la semana | W9: 3 a 4 veces a la semana | X9: 3 a 4 veces a la semana | Y9: No, el ritmo de trabajo no me permite comprar y preparar mis alimentos | Z9: Mas de 3 veces al aÃ±o | AA9: Privada | AB9: Sentado | AC9: No | AD9: Aire acondicionado | AE9: Normal | AF9: No afecta | AG9: No se perciben olores | AH9: Adecuada a mis actividades | AI9: No le molestan estos aspectos | AJ9: No | AO9: Algunas veces | AP9: No | AU9: No | AX9: No | BC9: SÃ­ | BD9: SÃ­ | BE9: SÃ­ | BF9: No | BG9: No | BH9: No | BI9: No | BJ9: No | BK9: No | BS9: Alta | BT9: Excesiva | BU9: No hay un ritmo prefijado | BV9: Apresurado | BW9: Produce consecuencias graves | BX9: No | BY9: A menudo | BZ9: Siempre | CA9: BUENA | CB9: BUENA | CC9: BUENA | CD9: No | CE9: El ritmo de trabajo | CF9: SÃ­ | CG9: 2 | CH9: No | CI9: No | CJ9: Indeterminado | CK9: Importante | CL9: FormaciÃ³n media | CM9: Muy pocas | CN9: No | CO9: no aplica | CP9: SÃ­ | CQ9: Rara vez (una vez al mes o menos) | CR9: Si | CT9: Si | CU9: 3 o 5 dÃ­as a la semana | CV9: Diabetes;Enfermedades del corazÃ³n | CW9: Diabetes Mellitus tipo II | CX9: no aplica | CY9: No | CZ9: no aplica | DA9: no aplica | DB9: Si | DC9: no aplica | DD9: Si | DE9: no aplica | DF9: SÃ­ | DG9: no aplica | DH9: Rara vez (una vez al mes o menos) | DI9: Hace entre 6 meses y un aÃ±o | DJ9: No | DK9: No | DL9: A veces | DM9: A veces | DN9: A veces | DO9: A veces | DP9: A veces | DQ9: A veces | DR9: A veces | DS9: A veces | DT9: A veces | DU9: A veces | DV9: A veces | DW9: A veces | DX9: A veces | DY9: A veces | DZ9: A veces | EA9: A veces | EB9: A veces | EC9: A veces | ED9: A veces | EE9: A veces | EF9: A veces | EG9: A veces | EH9: A veces | EI9: A veces | EJ9: A veces | EK9: A veces | EL9: A veces | EM9: A veces | EN9: A veces | EO9: A veces | EP9: A veces | EQ9: A veces | ER9: A veces | ES9: A veces | ET9: A veces | EU9: A veces | EV9: A veces | EW9: A veces | EX9: A veces | EY9: A veces | EZ9: A veces | FA9: Rara vez (una vez al mes o menos) | FB9: No | FC9: Ocasionalmente (algunas veces al mes) | FD9: No | FE9: A veces | FF9: Rara vez (una vez al mes o menos) | FG9: No | FH9: Ocasionalmente (algunas veces al mes) | FI9: Si | FJ9: A veces | FK9: Regularmente (algunas veces a la semana) | FL9: A veces | FM9: Regularmente (algunas veces a la semana) | FN9: Si | FO9: No | FP9: Nunca | FQ9: No | FR9: Rara vez (una vez al mes o menos) | FS9: Si | FT9: Entre 30min y 2 horas | FU9: Entre 30 min y 2 horas | FV9: Entre 30 min y 2 horas | FW9: Entre 2 y 4 horas | FX9: Entre 30 min y 2 horas | FY9: Entre 30 min y 2 horas | FZ9: Entre 30 min y 2 horas | GA9: Entre 2 y 4 horas | GB9: Entre 2 y 4 horas | GC9: Entre 2 y 4 horas | GD9: Entre 2 y 4 horas | GE9: Entre 2 y 4 horas | GF9: Entre 30 min y 2 horas | GG9: Entre 2 y 4 horas | GH9: Entre 2 y 4 horas | GI9: Entre 30 min y 2 horas | GJ9: Entre 2 y 4 horas | GK9: Entre 2 y 4 horas | GL9: Entre 2 y 4 horas | GM9: Mas de 4 horas | GN9: Entre 30 min y 2 horas | GO9: Entre 2 y 4 horas | GP9: Entre 30 min y 2 horas | GQ9: Entre 5 y 15 kilos | GR9: Mantienes los brazos extendidos sin poder apoyar la carga en tu cuerpo | GS9: Entre 30 min y 2 horas | GT9: Entre 5 y 15 kilos | GU9: Transportas la carga con dificultad porno tener buen agarre (sin asa) | GV9: Entre 2 y 4 horas | GW9: Tienes que hacer mucha fuerza para desplazar la carga | GX9: No | GY9: No | GZ9: SÃ­ | HA9: SÃ­ | HB9: No | HC9: SÃ­ | HD9: SÃ­ | HE9: SÃ­ | HF9: No | HG9: No | HH9: SÃ­ | HI9: SÃ­ | HJ9: SÃ­ | HK9: No | HL9: SÃ­ | HM9: No | HN9: No | HO9: SÃ­
A10: 8 | B10: 2025/07/08 11:36:12 AM CST | C10: PRUEBA PERLA VIRIDIANA GONZALEZ ESPARZA | D10: 33994 | E10: AdministraciÃ³n | F10: Auxiliar Administrativo | G10: Soltero | H10: Femenino | I10: Universidad | J10: Auxiliar Administrativo | K10: 6 a 9 aÃ±os | L10: mas de 3 aÃ±os | M10: Lunes a viernes | N10: 8 horas | O10: Publico | P10: No tengo | Q10: No aplica | R10: mas de 1 hora | S10: De $50 a $100 pesos | T10: Propia | U10: 1 a 2 veces a la semana | V10: 3 a 4 veces a la semana | W10: 5 o mas veces a la semana | X10: 3 a 4 veces a la semana | Y10: No, el ritmo de trabajo no me permite comprar y preparar mis alimentos | Z10: De 1 a 2 veces al aÃ±o | AA10: No tengo hijos | AB10: Sentado | AC10: SÃ­ | AD10: Aire acondicionado | AE10: Normal | AF10: No afecta | AG10: No se perciben olores | AH10: Adecuada a mis actividades | AI10: No le molestan estos aspectos | AJ10: No | AO10: Nunca | AP10: No | AU10: No | AX10: No | BC10: No | BD10: No | BE10: SÃ­ | BF10: No | BG10: No | BH10: No | BI10: No | BJ10: No | BK10: No | BS10: Alta | BT10: Suficiente | BU10: Objetivos que hay que alcanzar | BV10: Apresurado | BW10: Provoca problemas menores | BX10: SÃ­ | BY10: A menudo | BZ10: Algunas Veces | CA10: BUENA | CB10: BUENA | CC10: BUENA | CD10: No | CE10: No hay obstÃ¡culos que dificulten la comuniaciÃ³n | CF10: SÃ­ | CG10: 1 | CH10: SÃ­ | CI10: SÃ­ | CJ10: Indeterminado | CK10: De los mas importantes | CL10: FormaciÃ³n superior | CM10: Bastantes | CN10: No | CP10: SÃ­ | CQ10: Rara vez (una vez al mes o menos) | CR10: Si | CS10: Tequila, no he consumido durante mucho tiempo y aproximadamente 9 aÃ±os | CT10: Si | CU10: 1 o 2 dÃ­as a la semana | CV10: Diabetes;PresiÃ³n arterial alta | CW10: Ninguna | CY10: No aplica | CZ10: No consumo | DA10: NO | DB10: No | DC10: NO | DD10: No | DE10: NINGUNA | DF10: No | DG10: NINGUNA | DH10: Nunca | DI10: No aplica | DJ10: No | DK10: No | DL10: A veces | DM10: Nunca | DN10: Nunca | DO10: Nunca | DP10: Nunca | DQ10: Nunca | DR10: A veces | DS10: Nunca | DT10: A veces | DU10: A veces | DV10: Nunca | DW10: Nunca | DX10: Muchas veces | DY10: A veces | DZ10: A veces | EA10: Muchas veces | EB10: A veces | EC10: A veces | ED10: Nunca | EE10: Nunca | EF10: Nunca | EG10: Nunca | EH10: Nunca | EI10: Nunca | EJ10: Nunca | EK10: Nunca | EL10: Nunca | EM10: Nunca | EN10: A veces | EO10: Nunca | EP10: Nunca | EQ10: A veces | ER10: A veces | ES10: Nunca | ET10: A veces | EU10: A veces | EV10: A veces | EW10: A veces | EX10: A veces | EY10: Nunca | EZ10: Si | FA10: Ocasionalmente (algunas veces al mes) | FB10: No | FC10: Nunca | FD10: Si | FE10: A veces | FF10: Rara vez (una vez al mes o menos) | FG10: No | FH10: Nunca | FI10: Si | FJ10: SÃ­ | FK10: Regularmente (algunas veces a la semana) | FL10: A veces | FM10: Rara vez (una vez al mes o menos) | FN10: Si | FO10: A veces | FP10: Regularmente (algunas veces a la semana) | FQ10: No | FR10: Nunca | FS10: No | FT10: Mas de 4 horas | FU10: Menos de 30 minutos | FV10: Menos de 30 minutos | FW10: Nunca | FX10: Nunca | FY10: Nunca | FZ10: Entre 30 min y 2 horas | GA10: Nunca | GB10: Nunca | GC10: Nunca | GD10: Nunca | GE10: Nunca | GF10: Nunca | GG10: Nunca | GH10: Nunca | GI10: Nunca | GJ10: Nunca | GK10: Mas de 4 horas | GL10: Nunca | GM10: Nunca | GN10: Nunca | GO10: Nunca | GP10: Nunca | GQ10: No levanto peso | GR10: No levanto peso | GS10: Nunca | GT10: No levanto peso | GU10: No levanto peso | GV10: Nunca | GW10: No empujo | GX10: No | GY10: No | GZ10: No | HA10: No | HB10: No | HC10: No | HD10: No | HE10: No | HF10: No | HG10: No | HH10: No | HI10: No | HJ10: No | HK10: No | HL10: No | HM10: No | HN10: No | HO10: No
A11: 9

Sheet General
C1: =SUM(C4:C45) -> 49 | M1: =SUM(M4:M45) -> 80 | N1: =SUM(N4:N45) -> 19
C2: =+'Reporte Ind'!B1 -> 4
A3: Pregunta | B3: Respuesta | C3: Ponderación | D3: Respuestas
A4: 5 | B4: 7 | C4: =HLOOKUP(VLOOKUP($C$2,Respuestas!$A$2:$HO$11,VALUE(B4)),D4:L5,2,0) -> 1 | D4: Soltero | E4: Casado | F4: Viudo | G4: Divorciado
D5: 1 | E5: 1 | F5: 1 | G5: 1 | M5: =MAX(D5:L5) -> 1 | N5: =MIN(D5:L5) -> 1
A6: 6 | B6: 8 | C6: =HLOOKUP(VLOOKUP($C$2,Respuestas!$A$2:$HO$11,VALUE(B6)),D6:L7,2,0) -> 1 | D6: Masculino | E6: Femenino
D7: 2 | E7: 1 | M7: =MAX(D7:L7) -> 2 | N7: =MIN(D7:L7) -> 1
A8: 7 | B8: 9 | C8: =HLOOKUP(VLOOKUP($C$2,Respuestas!$A$2:$HO$11,VALUE(B8)),D8:L9,2,0) -> 2 | D8: Primaria | E8: Estudios técnicos | F8: Secundaria | G8: Preparatoria | H8: Universidad | I8: Posgrado
D9: 6 | E9: 5 | F9: 4 | G9: 3 | H9: 2 | I9: 1 | M9: =MAX(D9:L9) -> 6 | N9: =MIN(D9:L9) -> 1
A10: 8 | B10: 10 | C10: =HLOOKUP(VLOOKUP($C$2,Respuestas!$A$2:$HO$11,VALUE(B10)),D10:L11,2,0) -> 2 | D10: Obrero General | E10: Supervisor administrativo | F10: Oficial calificado | G10: Auxiliar administrativo | H10: Dirección | I10: Mandos Medios
D11: 5 | E11: 4 | F11: 3 | G11: 2 | H11: 1 | I11: 3 | M11: =MAX(D11:L11) -> 5 | N11: =MIN(D11:L11) -> 1
A12: 9 | B12: 11 | C12: =HLOOKUP(VLOOKUP($C$2,Respuestas!$A$2:$HO$11,VALUE(B12)),D12:L13,2,0) -> 4 | D12: menos de 1 año | E12: 1 a 3 años | F12: 3 a 6 años | G12: 6 a 9 años | H12: 9 a 12 años | I12: 12 a 15 años | J12: 15 a 18 años | K12: 18 a 21 años | L12: mas de 21 años
D13: 5 | E13: 5 | F13: 4 | G13: 4 | H13: 3 | I13: 3 | J13: 2 | K13: 2 | L13: 1 | M13: =MAX(D13:L13) -> 5 | N13: =MIN(D13:L13) -> 1
A14: 10 | B14: 12 | C14: =HLOOKUP(VLOOKUP($C$2,Respuestas!$A$2:$HO$11,VALUE(B14)),D14:L15,2,0) -> 1 | D14: menos de 1 año | E14: 1 a 2 años | F14: 2 a 3 años | G14: mas de 3 años
D15: 3 | E15: 3 | F15: 2 | G15: 1 | M15: =MAX(D15:L15) -> 3 | N15: =MIN(D15:L15) -> 1
A16: 11 | B16: 13 | C16: =HLOOKUP(VLOOKUP($C$2,Respuestas!$A$2:$HO$11,VALUE(B16)),D16:L17,2,0) -> 1 | D16: Lunes a viernes | E16: Lunes a sabado
D17: 1 | E17: 1 | M17: =MAX(D17:L17) -> 1 | N17: =MIN(D17:L17) -> 1
A18: 12 | B18: 14 | C18: =HLOOKUP(VLOOKUP($C$2,Respuestas!$A$2:$HO$11,VALUE(B18)),D18:L19,2,0) -> 1 | D18: menos de 7 horas | E18: 8 horas | F18: 9 horas | G18: 10 horas | H18: 11 horas | I18: 12 o más
D19: 1 | E19: 1 | F19: 1 | G19: 2 | H19: 2 | I19: 3 | M19: =MAX(D19:L19) -> 3 | N19: =MIN(D19:L19) -> 1
A20: 13 | B20: 15 | C20: =HLOOKUP(VLOOKUP($C$2,Respuestas!$A$2:$HO$11,VALUE(B20)),D20:L21,2,0) -> 3 | D20: Plataforma (Uber, DIDI u otros) | E20: Propio | F20: Público
D21: 1 | E21: 2 | F21: 3 | M21: =MAX(D21:L21) -> 3 | N21: =MIN(D21:L21) -> 1
A22: 14 | B22: 16 | C22: =HLOOKUP(VLOOKUP($C$2,Respuestas!$A$2:$HO$11,VALUE(B22)),D22:L23,2,0) -> 4 | D22: 1 | E22: 2 | F22: 3 | G22: más de 3 | H22: no tengo
D23: 3 | E23: 2 | F23: 1 | G23: 0 | H23: 4 | M23: =MAX(D23:L23) -> 4 | N23: =MIN(D23:L23) -> 0
A24: 15 | B24: 17 | C24: =HLOOKUP(VLOOKUP($C$2,Respuestas!$A$2:$HO$11,VALUE(B24)),D24:L25,2,0) -> 5 | D24: Menos de $300 pesos | E24: De $300 a $500 pesos | F24: De $500 a $1000 pesos | G24: Mas de $1500 pesos | H24: No aplica
D25: 1 | E25: 2 | F25: 3 | G25: 4 | H25: 5 | M25: =MAX(D25:L25) -> 5 | N25: =MIN(D25:L25) -> 1
A26: 16 | B26: 18 | C26: =HLOOKUP(VLOOKUP($C$2,Respuestas!$A$2:$HO$11,VALUE(B26)),D26:L27,2,0) -> 5 | D26: 0 a 15 minutos | E26: 16 a 30 minutos | F26: 31 a 45 minutos | G26: 45 a 60 minutos | H26: mas de 1 hora
D27: 1 | E27: 2 | F27: 3 | G27: 4 | H27: 5 | M27: =MAX(D27:L27) -> 5 | N27: =MIN(D27:L27) -> 1
A28: 17 | B28: 19 | C28: =HLOOKUP(VLOOKUP($C$2,Respuestas!$A$2:$HO$11,VALUE(B28)),D28:L29,2,0) -> 3 | D28: De $1 a $20 pesos | E28: De $20 a $50 pesos | F28: De $50 a $100 pesos | G28: Más de $100 pesos | H28: No aplica
D29: 1 | E29: 2 | F29: 3 | G29: 4 | H29: 0 | M29: =MAX(D29:L29) -> 4 | N29: =MIN(D29:L29) -> 0
A30: 18 | B30: 20 | C30: =HLOOKUP(VLOOKUP($C$2,Respuestas!$A$2:$HO$11,VALUE(B30)),D30:L31,2,0) -> 1 | D30: Propia | E30: Rentada | F30: Prestada
D31: 1 | E31: 2 | F31: 3 | M31: =MAX(D31:L31) -> 3 | N31: =MIN(D31:L31) -> 1
A32: 19 | B32: 21 | C32: =HLOOKUP(VLOOKUP($C$2,Respuestas!$A$2:$HO$11,VALUE(B32)),D32:L33,2,0) -> 3 | D32: No consumo | E32: Menos de 1 vez a la semana | F32: 1 a 2 veces a la semana | G32: 3 a 4 veces a la semana | H32: 5 o mas veces a la semana
D33: 5 | E33: 4 | F33: 3 | G33: 2 | H33: 1 | M33: =MAX(D33:L33) -> 5 | N33: =MIN(D33:L33) -> 1
A34: 19 | B34: 22 | C34: =HLOOKUP(VLOOKUP($C$2,Respuestas!$A$2:$HO$11,VALUE(B34)),D34:L35,2,0) -> 2 | D34: No consumo | E34: Menos de 1 vez a la semana | F34: 1 a 2 veces a la semana | G34: 3 a 4 veces a la semana | H34: 5 o mas veces a la semana
D35: 5 | E35: 4 | F35: 3 | G35: 2 | H35: 1 | M35: =MAX(D35:L35) -> 5 | N35: =MIN(D35:L35) -> 1
A36: 19 | B36: 23 | C36: =HLOOKUP(VLOOKUP($C$2,Respuestas!$A$2:$HO$11,VALUE(B36)),D36:L37,2,0) -> 1 | D36: No consumo | E36: Menos de 1 vez a la semana | F36: 1 a 2 veces a la semana | G36: 3 a 4 veces a la semana | H36: 5 o mas veces a la semana
D37: 5 | E37: 4 | F37: 3 | G37: 2 | H37: 1 | M37: =MAX(D37:L37) -> 5 | N37: =MIN(D37:L37) -> 1
A38: 19 | B38: 24 | C38: =HLOOKUP(VLOOKUP($C$2,Respuestas!$A$2:$HO$11,VALUE(B38)),D38:L39,2,0) -> 2 | D38: No consumo | E38: Menos de 1 vez a la semana | F38: 1 a 2 veces a la semana | G38: 3 a 4 veces a la semana | H38: 5 o mas veces a la semana
D39: 5 | E39: 4 | F39: 3 | G39: 2 | H39: 1 | M39: =MAX(D39:L39) -> 5 | N39: =MIN(D39:L39) -> 1
A40: 20 | B40: 25 | C40: =HLOOKUP(VLOOKUP($C$2,Respuestas!$A$2:$HO$11,VALUE(B40)),D40:L41,2,0) -> 2 | D40: No, economicamente no me es posible | E40: No, el ritmo de trabajo no me permite comprar y preparar mis alimentos | F40: Si, cuento con las recursos economicos y el tiempo para acceder a mis alimentos
D41: 3 | E41: 2 | F41: 1 | M41: =MAX(D41:L41) -> 3 | N41: =MIN(D41:L41) -> 1
A42: 21 | B42: 26 | C42: =HLOOKUP(VLOOKUP($C$2,Respuestas!$A$2:$HO$11,VALUE(B42)),D42:L43,2,0) -> 3 | D42: De 1 a 2 veces al año | E42: Más de 3 veces al año | F42: Ninguna
D43: 3 | E43: 2 | F43: 1 | M43: =MAX(D43:L43) -> 3 | N43: =MIN(D43:L43) -> 1
A44: 22 | B44: 27 | C44: =HLOOKUP(VLOOKUP($C$2,Respuestas!$A$2:$HO$11,VALUE(B44)),D44:L45,2,0) -> 2 | D44: Pública | E44: Privada | F44: No tengo hijos | G44: No estudian
D45: 4 | E45: 3 | F45: 2 | G45: 1 | M45: =MAX(D45:L45) -> 4 | N45: =MIN(D45:L45) -> 1

Sheet Habitos
C1: =SUM(C4:C116) -> 12 | L1: =SUM(L4:L116) -> 4 | M1: =SUM(M4:M116) -> 44
C2: =+'Reporte Ind'!B1 -> 4
A3: Pregunta | B3: Respuesta | C3: Ponderación | D3: Respuestas
A4: 85 | B4: 92 | C4: =IFERROR(HLOOKUP(VLOOKUP($C$2,Respuestas!$A$2:$HO$11,VALUE(B4)),D4:K5,2,0),"") -> 1 | D4: Sí | E4: No
D5: 0 | E5: 1 | L5: =MIN(D5:K5) -> 0 | M5: =MAX(D5:K5) -> 1
A6: 86 | B6: 93 | C6: =IF(VLOOKUP($C$2,Respuestas!$A$2:$HO$11,VALUE(B6),0)=0, " ", VLOOKUP($C$2,Respuestas!$A$2:$HO$11,VALUE(B6),0)) | D6: Detalle…
L7: =MIN(D7:K7) -> 0 | M7: =MAX(D7:K7) -> 0
A8: 87 | B8: 94 | C8: =IFERROR(HLOOKUP(VLOOKUP($C$2,Respuestas!$A$2:$HO$11,VALUE(B8)),D8:K9,2,0),"") -> 2 | D8: Sí | E8: No
D9: 2 | E9: 1 | L9: =MIN(D9:K9) -> 1 | M9: =MAX(D9:K9) -> 2
A10: 88 | B10: 95 | C10: =IFERROR(HLOOKUP(VLOOKUP($C$2,Respuestas!$A$2:$HO$11,VALUE(B10)),D10:K11,2,0),"") -> 2 | D10: Nunca | E10: Rara vez (una vez al mes o menos) | F10: Ocasionalmente (algunas veces al mes) | G10: Regularmente (algunas veces a la semana) | H10: Frecuentemente (todos los días) | I10: No aplica
D11: 1 | E11: 2 | F11: 2 | G11: 3 | H11: 3 | I11: 0 | L11: =MIN(D11:K11) -> 0 | M11: =MAX(D11:K11) -> 3
A12: 89 | B12: 96 | C12: =IFERROR(HLOOKUP(VLOOKUP($C$2,Respuestas!$A$2:$HO$11,VALUE(B12)),D12:K13,2,0),"") -> 2 | D12: Si | E12: No
D13: 2 | E13: 1 | L13: =MIN(D13:K13) -> 1 | M13: =MAX(D13:K13) -> 2
A14: 90 | B14: 97 | C14: =IF(VLOOKUP($C$2,Respuestas!$A$2:$HO$11,VALUE(B14),0)=0, " ", VLOOKUP($C$2,Respuestas!$A$2:$HO$11,VALUE(B14),0)) -> Tequila, no he consumido durante mucho tiempo y aproximadamente 9 años | F14: Ninguno
L15: =MIN(D15:K15) -> 0 | M15: =MAX(D15:K15) -> 0
A16: 91 | B16: 98 | C16: =IFERROR(HLOOKUP(VLOOKUP($C$2,Respuestas!$A$2:$HO$11,VALUE(B16)),D16:K17,2,0),"") -> 1 | D16: Si | E16: No
D17: 1 | E17: 2 | L17: =MIN(D17:K17) -> 1 | M17: =MAX(D17:K17) -> 2
A18: 92 | B18: 99 | C18: =IFERROR(HLOOKUP(VLOOKUP($C$2,Respuestas!$A$2:$HO$11,VALUE(B18)),D18:K19,2,0),"") -> 2 | D18: No realizo | E18: 1 o 2 días a la semana | F18: 3 o 5 días a la semana | G18: Mas de 5 días a la semana
D19: 1 | E19: 2 | F19: 3 | G19: 4 | L19: =MIN(D19:K19) -> 1 | M19: =MAX(D19:K19) -> 4
A20: 93 | B20: 100 | C20: =IF(VLOOKUP($C$2,Respuestas!$A$2:$HO$11,VALUE(B20),0)=0, " ", VLOOKUP($C$2,Respuestas!$A$2:$HO$11,VALUE(B20),0)) -> Diabetes, Presión arterial alta | D20: Ninguna de las anteriores
C21: =IF(C20=D20,D21,(LEN(C20)-LEN(SUBSTITUTE(C20,",", ""))+1)) -> 2 | D21: 0 | L21: =MIN(D21:K21) -> 0 | M21: 9
A22: 94 | B22: 101 | C22: =IF(VLOOKUP($C$2,Respuestas!$A$2:$HO$11,VALUE(B22),0)=0, " ", VLOOKUP($C$2,Respuestas!$A$2:$HO$11,VALUE(B22),0)) -> Ninguna | D22: Ninguna
C23: =IF(C22=D22,D23,(LEN(C22)-LEN(SUBSTITUTE(C22,",", ""))+1))*2 -> 0 | D23: 0 | L23: =MIN(D23:K23) -> 0 | M23: 8
A24: 95 | B24: 102 | C24: =IF(VLOOKUP($C$2,Respuestas!$A$2:$HO$11,VALUE(B24),0)=0, " ", VLOOKUP($C$2,Respuestas!$A$2:$HO$11,VALUE(B24),0)) | D24: Otro….
L25: =MIN(D25:K25) -> 0 | M25: =MAX(D25:K25) -> 0
A26: 96 | B26: 103 | C26: =IFERROR(HLOOKUP(VLOOKUP($C$2,Respuestas!$A$2:$HO$11,VALUE(B26)),D26:K27,2,0),"") -> 0 | D26: Sí | E26: No | F26: No aplica
D27: 2 | E27: 0 | F27: 0 | L27: =MIN(D27:K27) -> 0 | M27: =MAX(D27:K27) -> 2
A28: 97 | B28: 104 | C28: =IF(VLOOKUP($C$2,Respuestas!$A$2:$HO$11,VALUE(B28),0)=0, " ", VLOOKUP($C$2,Respuestas!$A$2:$HO$11,VALUE(B28),0)) -> No consumo | D28: Detalle…
L29: =MIN(D29:K29) -> 0 | M29: =MAX(D29:K29) -> 0
A30: 98 | B30: 105 | C30: =IF(VLOOKUP($C$2,Respuestas!$A$2:$HO$11,VALUE(B30),0)=0, " ", VLOOKUP($C$2,Respuestas!$A$2:$HO$11,VALUE(B30),0)) -> NO | D30: Detalle…
L31: =MIN(D31:K31) -> 0 | M31: =MAX(D31:K31) -> 0
A32: 103 | B32: 110 | C32: =IFERROR(HLOOKUP(VLOOKUP($C$2,Respuestas!$A$2:$HO$11,VALUE(B32)),D32:K33,2,0),"") -> 0 | D32: Sí | E32: No
D33: 2 | E33: 0 | L33: =MIN(D33:K33) -> 0 | M33: =MAX(D33:K33) -> 2
A34: 104 | B34: 111 | C34: =IF(VLOOKUP($C$2,Respuestas!$A$2:$HO$11,VALUE(B34),0)=0, " ", VLOOKUP($C$2,Respuestas!$A$2:$HO$11,VALUE(B34),0)) -> NINGUNA
L35: =MIN(D35:K35) -> 0 | M35: =MAX(D35:K35) -> 0
A36: 105 | B36: 112 | C36: =IFERROR(HLOOKUP(VLOOKUP($C$2,Respuestas!$A$2:$HO$11,VALUE(B36)),D36:K37,2,0),"") -> 0 | D36: Nunca | E36: Rara vez (una vez al mes o menos) | F36: Ocasionalmente (algunas veces al mes) | G36: Regularmente (algunas veces a la semana) | H36: Frecuentemente (todos los días)
D37: 0 | E37: 1 | F37: 2 | G37: 3 | H37: 4 | L37: =MIN(D37:K37) -> 0 | M37: =MAX(D37:K37) -> 4
A38: 106 | B38: 113 | C38: =IFERROR(HLOOKUP(VLOOKUP($C$2,Respuestas!$A$2:$HO$11,VALUE(B38)),D38:K39,2,0),"") -> 0 | D38: Hace más de un año | E38: Hace entre 6 meses y un año | F38: Hace entre 1 y 6 meses | G38: Hace menos de un mes | H38: En la última semana | I38: No aplica
D39: 1 | E39: 2 | F39: 2 | G39: 3 | H39: 3 | I39: 0 | L39: =MIN(D39:K39) -> 0 | M39: =MAX(D39:K39) -> 3
A40: 107 | B40: 114 | C40: =IFERROR(HLOOKUP(VLOOKUP($C$2,Respuestas!$A$2:$HO$11,VALUE(B40)),D40:K41,2,0),"") -> 0 | D40: Sí | E40: No
D41: 1 | E41: 0 | L41: =MIN(D41:K41) -> 0 | M41: =MAX(D41:K41) -> 1
A42: 108 | B42: 115 | C42: =IFERROR(HLOOKUP(VLOOKUP($C$2,Respuestas!$A$2:$HO$11,VALUE(B42)),D42:K43,2,0),"") -> 0 | D42: Sí | E42: No
D43: 1 | E43: 0 | L43: =MIN(D43:K43) -> 0 | M43: =MAX(D43:K43) -> 1

Sheet Psicologicos
C1: =SUM(C4:C116) -> 4 | L1: =SUM(L4:L116) -> 4 | M1: =SUM(M4:M116) -> 38
C2: =+'Reporte Ind'!B1 -> 4
A3: Pregunta | B3: Respuesta | C3: Ponderación | D3: Respuestas
A4: 166 | B4: 206 | C4: =IFERROR(HLOOKUP(VLOOKUP($C$2,Respuestas!$A$2:$HO$11,VALUE(B4)),D4:K5,2,0),"") -> 0 | D4: Sí | E4: No
D5: 3 | E5: 0 | L5: =MIN(D5:K5) -> 0 | M5: =MAX(D5:K5) -> 3
A6: 167 | B6: 207 | C6: =IFERROR(HLOOKUP(VLOOKUP($C$2,Respuestas!$A$2:$HO$11,VALUE(B6)),D6:K7,2,0),"") -> 0 | D6: Sí | E6: No
D7: 2 | E7: 0 | L7: =MIN(D7:K7) -> 0 | M7: =MAX(D7:K7) -> 2
A8: 168 | B8: 208 | C8: =IFERROR(HLOOKUP(VLOOKUP($C$2,Respuestas!$A$2:$HO$11,VALUE(B8)),D8:K9,2,0),"") -> 0 | D8: Sí | E8: No
D9: 1 | E9: 0 | L9: =MIN(D9:K9) -> 0 | M9: =MAX(D9:K9) -> 1
A10: 169 | B10: 209 | C10: =IFERROR(HLOOKUP(VLOOKUP($C$2,Respuestas!$A$2:$HO$11,VALUE(B10)),D10:K11,2,0),"") -> 0 | D10: Sí | E10: No
D11: 2 | E11: 0 | L11: =MIN(D11:K11) -> 0 | M11: =MAX(D11:K11) -> 2
A12: 170 | B12: 210 | C12: =IFERROR(HLOOKUP(VLOOKUP($C$2,Respuestas!$A$2:$HO$11,VALUE(B12)),D12:K13,2,0),"") -> 1 | D12: Sí | E12: No
D13: 3 | E13: 1 | L13: =MIN(D13:K13) -> 1 | M13: =MAX(D13:K13) -> 3
A14: 171 | B14: 211 | C14: =IFERROR(HLOOKUP(VLOOKUP($C$2,Respuestas!$A$2:$HO$11,VALUE(B14)),D14:K15,2,0),"") -> 1 | D14: Sí | E14: No
D15: 2 | E15: 1 | L15: =MIN(D15:K15) -> 1 | M15: =MAX(D15:K15) -> 2
A16: 172 | B16: 212 | C16: =IFERROR(HLOOKUP(VLOOKUP($C$2,Respuestas!$A$2:$HO$11,VALUE(B16)),D16:K17,2,0),"") -> 1 | D16: Sí | E16: No
D17: 2 | E17: 1 | L17: =MIN(D17:K17) -> 1 | M17: =MAX(D17:K17) -> 2
A18: 173 | B18: 213 | C18: =IFERROR(HLOOKUP(VLOOKUP($C$2,Respuestas!$A$2:$HO$11,VALUE(B18)),D18:K19,2,0),"") -> 0 | D18: Sí | E18: No
D19: 2 | E19: 0 | L19: =MIN(D19:K19) -> 0 | M19: =MAX(D19:K19) -> 2
A20: 174 | B20: 214 | C20: =IFERROR(HLOOKUP(VLOOKUP($C$2,Respuestas!$A$2:$HO$11,VALUE(B20)),D20:K21,2,0),"") -> 0 | D20: Sí | E20: No
D21: 2 | E21: 0 | L21: =MIN(D21:K21) -> 0 | M21: =MAX(D21:K21) -> 2
A22: 175 | B22: 215 | C22: =IFERROR(HLOOKUP(VLOOKUP($C$2,Respuestas!$A$2:$HO$11,VALUE(B22)),D22:K23,2,0),"") -> 0 | D22: Sí | E22: No
D23: 2 | E23: 0 | L23: =MIN(D23:K23) -> 0 | M23: =MAX(D23:K23) -> 2
A24: 176 | B24: 216 | C24: =IFERROR(HLOOKUP(VLOOKUP($C$2,Respuestas!$A$2:$HO$11,VALUE(B24)),D24:K25,2,0),"") -> 0 | D24: Sí | E24: No
D25: 2 | E25: 0 | L25: =MIN(D25:K25) -> 0 | M25: =MAX(D25:K25) -> 2
A26: 177 | B26: 217 | C26: =IFERROR(HLOOKUP(VLOOKUP($C$2,Respuestas!$A$2:$HO$11,VALUE(B26)),D26:K27,2,0),"") -> 0 | D26: Sí | E26: No
D27: 2 | E27: 0 | L27: =MIN(D27:K27) -> 0 | M27: =MAX(D27:K27) -> 2
A28: 178 | B28: 218 | C28: =IFERROR(HLOOKUP(VLOOKUP($C$2,Respuestas!$A$2:$HO$11,VALUE(B28)),D28:K29,2,0),"") -> 0 | D28: Sí | E28: No
D29: 1 | E29: 0 | L29: =MIN(D29:K29) -> 0 | M29: =MAX(D29:K29) -> 1
A30: 179 | B30: 219 | C30: =IFERROR(HLOOKUP(VLOOKUP($C$2,Respuestas!$A$2:$HO$11,VALUE(B30)),D30:K31,2,0),"") -> 0 | D30: Sí | E30: No
D31: 3 | E31: 0 | L31: =MIN(D31:K31) -> 0 | M31: =MAX(D31:K31) -> 3
A32: 180 | B32: 220 | C32: =IFERROR(HLOOKUP(VLOOKUP($C$2,Respuestas!$A$2:$HO$11,VALUE(B32)),D32:K33,2,0),"") -> 0 | D32: Sí | E32: No
D33: 2 | E33: 0 | L33: =MIN(D33:K33) -> 0 | M33: =MAX(D33:K33) -> 2
A34: 181 | B34: 221 | C34: =IFERROR(HLOOKUP(VLOOKUP($C$2,Respuestas!$A$2:$HO$11,VALUE(B34)),D34:K35,2,0),"") -> 0 | D34: Sí | E34: No
D35: 2 | E35: 0 | L35: =MIN(D35:K35) -> 0 | M35: =MAX(D35:K35) -> 2
A36: 182 | B36: 222 | C36: =IFERROR(HLOOKUP(VLOOKUP($C$2,Respuestas!$A$2:$HO$11,VALUE(B36)),D36:K37,2,0),"") -> 1 | D36: Sí | E36: No
D37: 3 | E37: 1 | L37: =MIN(D37:K37) -> 1 | M37: =MAX(D37:K37) -> 3
A38: 183 | B38: 223 | C38: =IFERROR(HLOOKUP(VLOOKUP($C$2,Respuestas!$A$2:$HO$11,VALUE(B38)),D38:K39,2,0),"") -> 0 | D38: Sí | E38: No
D39: 2 | E39: 0 | L39: =MIN(D39:K39) -> 0 | M39: =MAX(D39:K39) -> 2

Sheet Ambiente Laboral
C1: =SUM(C4:C244) -> 39.333333 | L1: =SUM(L4:L244) -> 27 | M1: =SUM(M4:M244) -> 148
C2: =+'Reporte Ind'!B1 -> 4
A3: Pregunta | B3: Respuesta | C3: Ponderación | D3: Respuestas
A4: 23 | B4: 28 | C4: =IFERROR(HLOOKUP(VLOOKUP($C$2,Respuestas!$A$2:$HO$11,VALUE(B4)),D4:K5,2,0),"") -> 1 | D4: De pie | E4: Sentado | F4: Ambos
D5: 3 | E5: 1 | F5: 2 | L5: =MIN(D5:K5) -> 1 | M5: =MAX(D5:K5) -> 3
A6: 24 | B6: 29 | C6: =IFERROR(HLOOKUP(VLOOKUP($C$2,Respuestas!$A$2:$HO$11,VALUE(B6)),D6:K7,2,0),"") -> 1 | D6: Sí | E6: No
D7: 1 | E7: 2 | L7: =MIN(D7:K7) -> 1 | M7: =MAX(D7:K7) -> 2
A8: 25 | B8: 30 | C8: =IFERROR(HLOOKUP(VLOOKUP($C$2,Respuestas!$A$2:$HO$11,VALUE(B8)),D8:K9,2,0),"") -> 2 | D8: Aire acondicionado | E8: Ventana o natural | F8: Extractor de aire
D9: 2 | E9: 1 | F9: 2 | L9: =MIN(D9:K9) -> 1 | M9: =MAX(D9:K9) -> 2
A10: 26 | B10: 31 | C10: =IFERROR(HLOOKUP(VLOOKUP($C$2,Respuestas!$A$2:$HO$11,VALUE(B10)),D10:K11,2,0),"") -> 1 | D10: Frío | E10: Caliente | F10: Normal
D11: 2 | E11: 2 | F11: 1 | L11: =MIN(D11:K11) -> 1 | M11: =MAX(D11:K11) -> 2
A12: 27 | B12: 32 | C12: =IFERROR(HLOOKUP(VLOOKUP($C$2,Respuestas!$A$2:$HO$11,VALUE(B12)),D12:K13,2,0),"") -> 0 | D12: Alergia | E12: Resequedad | F12: Insolación | G12: Deshidratación | H12: No afecta
D13: 2 | E13: 2 | F13: 3 | G13: 3 | H13: 0 | L13: =MIN(D13:K13) -> 0 | M13: =MAX(D13:K13) -> 3
A14: 28 | B14: 33 | C14: =IFERROR(HLOOKUP(VLOOKUP($C$2,Respuestas!$A$2:$HO$11,VALUE(B14)),D14:K15,2,0),"") -> 0 | D14: Comida | E14: Agenges químicos | F14: Humo de tabaco | G14: Gas | H14: Corporales (sudor, mal aliento, olor a pies, orina, heces, flatulencias) | I14: Drenaje | J14: No se perciben olores | K14: Otros
D15: 2 | E15: 4 | F15: 5 | G15: 5 | H15: 5 | I15: 5 | J15: 0 | K15: 3 | L15: =MIN(D15:K15) -> 0 | M15: =MAX(D15:K15) -> 5
A16: 29 | B16: 34 | C16: =IFERROR(HLOOKUP(VLOOKUP($C$2,Respuestas!$A$2:$HO$11,VALUE(B16)),D16:K17,2,0),"") -> 0 | D16: Demasiado intensa | E16: Intensa | F16: Adecuada a mis actividades | G16: Escasa
D17: 3 | E17: 2 | F17: 0 | G17: 3 | L17: =MIN(D17:K17) -> 0 | M17: =MAX(D17:K17) -> 3
A18: 30 | B18: 35 | C18: =IF(VLOOKUP($C$2,Respuestas!$A$2:$HO$11,VALUE(B18),0)=0, " ", VLOOKUP($C$2,Respuestas!$A$2:$HO$11,VALUE(B18),0)) -> No le molestan estos aspectos | D18: No le molestan estos aspectos
C19: =IF(C18=D18,D19,(LEN(C18)-LEN(SUBSTITUTE(C18,",", ""))+1)) -> 1 | D19: 1 | L19: =MIN(D19:K19) -> 1 | M19: =MAX(D19:K19) -> 1
A20: 31 | B20: 36 | C20: =IFERROR(HLOOKUP(VLOOKUP($C$2,Respuestas!$A$2:$HO$11,VALUE(B20)),D20:K21,2,0),"") -> 1 | D20: Sí | E20: No
D21: 2 | E21: 1 | L21: =MIN(D21:K21) -> 1 | M21: =MAX(D21:K21) -> 2
A22: 32 | B22: 37 | C22: =IFERROR(HLOOKUP(VLOOKUP($C$2,Respuestas!$A$2:$HO$11,VALUE(B22)),D22:K23,2,0),"") | D22: Bajo – Hay algo de ruido, pero no es molesto ni afecta la concentración. | E22: Alto – El ruido es notable y puede resultar molesto, afectando la concentración y productividad. | F22: Muy alto – El ruido es muy fuerte y constante, impidiendo la concentración y generando incomodidad.
D23: 1 | E23: 2 | F23: 3 | L23: =MIN(D23:K23) -> 1 | M23: =MAX(D23:K23) -> 3
A24: 33 | B24: 38 | C24: =IFERROR(HLOOKUP(VLOOKUP($C$2,Respuestas!$A$2:$HO$11,VALUE(B24)),D24:K25,2,0),"") | D24: Maquinaria y/o equipos de producción | E24: Sistemas de ventilación | F24: La calle o exterior | G24: Equipos de oficina | H24: Conversaciones | I24: No hay ruido | J24: Otros
D25: 3 | E25: 3 | F25: 3 | G25: 1 | H25: 1 | I25: 0 | J25: 2 | L25: =MIN(D25:K25) -> 0 | M25: =MAX(D25:K25) -> 3
A26: 34 | B26: 39 | C26: =IFERROR(HLOOKUP(VLOOKUP($C$2,Respuestas!$A$2:$HO$11,VALUE(B26)),D26:K27,2,0),"") | D26: Menos de 60 minutos | E26: 1 - 3 horas | F26: 3 - 5 horas | G26: 5 horas o más
D27: 1 | E27: 2 | F27: 3 | G27: 4 | L27: =MIN(D27:K27) -> 1 | M27: =MAX(D27:K27) -> 4
A28: 35 | B28: 40 | C28: =IFERROR(HLOOKUP(VLOOKUP($C$2,Respuestas!$A$2:$HO$11,VALUE(B28)),D28:K29,2,0),"") | D28: 70 dBA | E28: 80 dBa | F28: Más de 100 dBA | G28: No lo conozco
D29: 1 | E29: 2 | F29: 3 | G29: 4 | L29: =MIN(D29:K29) -> 1 | M29: =MAX(D29:K29) -> 4
A30: 36 | B30: 41 | C30: =IFERROR(HLOOKUP(VLOOKUP($C$2,Respuestas!$A$2:$HO$11,VALUE(B30)),D30:K31,2,0),"") -> 1 | D30: Nunca | E30: Algunas veces | F30: Siempre
D31: 1 | E31: 2 | F31: 3 | L31: =MIN(D31:K31) -> 1 | M31: =MAX(D31:K31) -> 3
A32: 37 | B32: 42 | C32: =IFERROR(HLOOKUP(VLOOKUP($C$2,Respuestas!$A$2:$HO$11,VALUE(B32)),D32:K33,2,0),"") -> 1 | D32: Sí | E32: No
D33: 2 | E33: 1 | L33: =MIN(D33:K33) -> 1 | M33: =MAX(D33:K33) -> 2
A34: 38 | B34: 43 | C34: =IF(VLOOKUP($C$2,Respuestas!$A$2:$HO$11,VALUE(B34),0)=0, " ", VLOOKUP($C$2,Respuestas!$A$2:$HO$11,VALUE(B34),0))
C35: =IF(C34=D34,D35,(LEN(C34)-LEN(SUBSTITUTE(C34,",", ""))+1))/3 -> 0.33333333 | L35: =MIN(D35:K35) -> 0 | M35: =MAX(D35:K35) -> 0
A36: 39 | B36: 44 | C36: =IFERROR(HLOOKUP(VLOOKUP($C$2,Respuestas!$A$2:$HO$11,VALUE(B36)),D36:K37,2,0),"") | D36: Si | E36: No | F36: No estoy seguro o lo desconozco
D37: 2 | E37: 1 | F37: 3 | L37: =MIN(D37:K37) -> 1 | M37: =MAX(D37:K37) -> 3
A38: 40 | B38: 45 | C38: =IFERROR(HLOOKUP(VLOOKUP($C$2,Respuestas!$A$2:$HO$11,VALUE(B38)),D38:K39,2,0),"") | D38: Sí | E38: No | F38: No estoy expuesto a radiación ionizante
D39: 2 | E39: 1 | F39: 3 | L39: =MIN(D39:K39) -> 1 | M39: =MAX(D39:K39) -> 3
A40: 41 | B40: 46 | C40: =IFERROR(HLOOKUP(VLOOKUP($C$2,Respuestas!$A$2:$HO$11,VALUE(B40)),D40:K41,2,0),"") | D40: Delantales | E40: Guantes plomizos (para rayos x) | F40: Trajes aluminizaddos | G40: Trajes en fibras espaciales para prevenir el ingreso a radiación | H40: Zapatos especiales | I40: Protección ocular | J40: No estoy expuesto a radiación ionizante
L41: =MIN(D41:K41) -> 0 | M41: =MAX(D41:K41) -> 0
A42: 42 | B42: 47 | C42: =IFERROR(HLOOKUP(VLOOKUP($C$2,Respuestas!$A$2:$HO$11,VALUE(B42)),D42:K43,2,0),"") -> 0 | D42: Sí | E42: No
D43: 2 | E43: 0 | L43: =MIN(D43:K43) -> 0 | M43: =MAX(D43:K43) -> 2
A44: 43 | B44: 48 | C44: =IFERROR(HLOOKUP(VLOOKUP($C$2,Respuestas!$A$2:$HO$11,VALUE(B44)),D44:K45,2,0),"") | D44: Arnés de seguridad tipo paracaídas | E44: Líneas de vida y de anclaje | F44: Cinturón portaherramientas | G44: Calzado contra - impactos | H44: Casco contra - impactos | I44: Guantes dieléctricos | J44: Ninguno
D45: 3 | E45: 3 | F45: 1 | G45: 1 | H45: 2 | I45: 4 | J45: 3 | L45: =MIN(D45:K45) -> 1 | M45: =MAX(D45:K45) -> 4
A46: 44 | B46: 49 | C46: =IFERROR(HLOOKUP(VLOOKUP($C$2,Respuestas!$A$2:$HO$11,VALUE(B46)),D46:K47,2,0),"") | D46: Caídas de distinto nivel en metros | E46: Derrumbe de estructuras | F46: Golpes por cáida de objetos | G46: Atrapamiento | H46: Contactos eléctricos | I46: Ninguno
D47: 3 | E47: 3 | F47: 2 | G47: 3 | H47: 3 | I47: 3 | L47: =MIN(D47:K47) -> 2 | M47: =MAX(D47:K47) -> 3
A48: 45 | B48: 50 | C48: =IFERROR(HLOOKUP(VLOOKUP($C$2,Respuestas!$A$2:$HO$11,VALUE(B48)),D48:K49,2,0),"") -> 0 | D48: Sí | E48: No
D49: 2 | E49: 0 | L49: =MIN(D49:K49) -> 0 | M49: =MAX(D49:K49) -> 2
A50: 46 | B50: 51 | C50: =IFERROR(HLOOKUP(VLOOKUP($C$2,Respuestas!$A$2:$HO$11,VALUE(B50)),D50:K51,2,0),"") | D50: Si | E50: No
D51: 2 | E51: 0 | L51: =MIN(D51:K51) -> 0 | M51: =MAX(D51:K51) -> 2
A52: 47 | B52: 52 | C52: =IFERROR(HLOOKUP(VLOOKUP($C$2,Respuestas!$A$2:$HO$11,VALUE(B52)),D52:K53,2,0),"") | D52: Sí | E52: No
D53: 2 | E53: 0 | L53: =MIN(D53:K53) -> 0 | M53: =MAX(D53:K53) -> 2
A54: 48 | B54: 53 | C54: =IFERROR(HLOOKUP(VLOOKUP($C$2,Respuestas!$A$2:$HO$11,VALUE(B54)),D54:K55,2,0),"") | D54: Sí | E54: No
D55: 2 | E55: 0 | L55: =MIN(D55:K55) -> 0 | M55: =MAX(D55:K55) -> 2
A56: 49 | B56: 54 | C56: =IFERROR(HLOOKUP(VLOOKUP($C$2,Respuestas!$A$2:$HO$11,VALUE(B56)),D56:K57,2,0),"") | D56: Contacto con energía eléctrica | E56: Contacto con superficies calientes o flamas | F56: Exposición ahumos metálicos y gases tóxicos | G56: Ninguno | H56: Otros
D57: 4 | E57: 4 | F57: 3 | G57: 0 | H57: 3 | L57: =MIN(D57:K57) -> 0 | M57: =MAX(D57:K57) -> 4
A58: 50 | B58: 55 | C58: =IFERROR(HLOOKUP(VLOOKUP($C$2,Respuestas!$A$2:$HO$11,VALUE(B58)),D58:K59,2,0),"") -> 2 | D58: Sí | E58: No
D59: 0 | E59: 2 | L59: =MIN(D59:K59) -> 0 | M59: =MAX(D59:K59) -> 2
A60: 51 | B60: 56 | C60: =IFERROR(HLOOKUP(VLOOKUP($C$2,Respuestas!$A$2:$HO$11,VALUE(B60)),D60:K61,2,0),"") -> 1 | D60: Sí | E60: No
D61: 0 | E61: 1 | L61: =MIN(D61:K61) -> 0 | M61: =MAX(D61:K61) -> 1
A62: 52 | B62: 57 | C62: =IFERROR(HLOOKUP(VLOOKUP($C$2,Respuestas!$A$2:$HO$11,VALUE(B62)),D62:K63,2,0),"") -> 0 | D62: Sí | E62: No
D63: 0 | E63: 2 | L63: =MIN(D63:K63) -> 0 | M63: =MAX(D63:K63) -> 2
A64: 53 | B64: 58 | C64: =IFERROR(HLOOKUP(VLOOKUP($C$2,Respuestas!$A$2:$HO$11,VALUE(B64)),D64:K65,2,0),"") -> 1 | D64: Sí | E64: No
D65: 0 | E65: 1 | L65: =MIN(D65:K65) -> 0 | M65: =MAX(D65:K65) -> 1
A66: 54 | B66: 59 | C66: =IFERROR(HLOOKUP(VLOOKUP($C$2,Respuestas!$A$2:$HO$11,VALUE(B66)),D66:K67,2,0),"") -> 2 | D66: Sí | E66: No
D67: 0 | E67: 2 | L67: =MIN(D67:K67) -> 0 | M67: =MAX(D67:K67) -> 2
A68: 55 | B68: 60 | C68: =IFERROR(HLOOKUP(VLOOKUP($C$2,Respuestas!$A$2:$HO$11,VALUE(B68)),D68:K69,2,0),"") -> 1 | D68: Sí | E68: No
D69: 0 | E69: 1 | L69: =MIN(D69:K69) -> 0 | M69: =MAX(D69:K69) -> 1
A70: 56 | B70: 61 | C70: =IFERROR(HLOOKUP(VLOOKUP($C$2,Respuestas!$A$2:$HO$11,VALUE(B70)),D70:K71,2,0),"") -> 0 | D70: Sí | E70: No
D71: 2 | E71: 0 | L71: =MIN(D71:K71) -> 0 | M71: =MAX(D71:K71) -> 2
A72: 57 | B72: 62 | C72: =IFERROR(HLOOKUP(VLOOKUP($C$2,Respuestas!$A$2:$HO$11,VALUE(B72)),D72:K73,2,0),"") -> 0 | D72: Sí | E72: No
D73: 2 | E73: 0 | L73: =MIN(D73:K73) -> 0 | M73: =MAX(D73:K73) -> 2
A74: 58 | B74: 63 | C74: =IFERROR(HLOOKUP(VLOOKUP($C$2,Respuestas!$A$2:$HO$11,VALUE(B74)),D74:K75,2,0),"") -> 0 | D74: Sí | E74: No
D75: 2 | E75: 0 | L75: =MIN(D75:K75) -> 0 | M75: =MAX(D75:K75) -> 2
A76: 59 | B76: 64 | C76: =IFERROR(HLOOKUP(VLOOKUP($C$2,Respuestas!$A$2:$HO$11,VALUE(B76)),D76:K77,2,0),"") | D76: Productos fitosanitarios, plaguicidas o fertilizantes | E76: Solventes (orgánicos o inorgánicos) tolueno, xileno, alcohol isopropílico | F76: Hidrocarburos. (gasolina, Diesel, turbosina, etc.) | G76: Metales coma el plomo y el mercurio | H76: Otra
D77: 2 | E77: 3 | F77: 3 | G77: 2 | H77: 3 | L77: =MIN(D77:K77) -> 2 | M77: =MAX(D77:K77) -> 3
A78: 60 | B78: 65 | C78: =IFERROR(HLOOKUP(VLOOKUP($C$2,Respuestas!$A$2:$HO$11,VALUE(B78)),D78:K79,2,0),"") | D78: Si, todos | E78: Si, algunos | F78: Ninguno
D79: 1 | E79: 2 | F79: 3 | L79: =MIN(D79:K79) -> 1 | M79: =MAX(D79:K79) -> 3
A80: 61 | B80: 66 | C80: =IFERROR(HLOOKUP(VLOOKUP($C$2,Respuestas!$A$2:$HO$11,VALUE(B80)),D80:K81,2,0),"") | D80: Complicada | E80: A veces complicada | F80: Fácil de entender
D81: 3 | E81: 2 | F81: 1 | L81: =MIN(D81:K81) -> 1 | M81: =MAX(D81:K81) -> 3
A82: 62 | B82: 67 | C82: =IFERROR(HLOOKUP(VLOOKUP($C$2,Respuestas!$A$2:$HO$11,VALUE(B82)),D82:K83,2,0),"") | D82: Sí | E82: No
D83: 2 | E83: 0 | L83: =MIN(D83:K83) -> 0 | M83: =MAX(D83:K83) -> 2
A84: 63 | B84: 68 | C84: =IFERROR(HLOOKUP(VLOOKUP($C$2,Respuestas!$A$2:$HO$11,VALUE(B84)),D84:K85,2,0),"") | D84: Si, de forma deliberada o intencionada: laboratorios de diagnóstico microbiológico, trabajo con animales, obtención de vacunas, insulina u otros medicamentos, procesos de fermentación. | E84: Si, de manera involuntaria, habitual o esporádica: actividad sanitaria, tratamiento de residuos, recogida de basura, trabajos subterráneos. | F84: No
D85: 3 | E85: 2 | F85: 1 | L85: =MIN(D85:K85) -> 1 | M85: =MAX(D85:K85) -> 3
A86: 64 | B86: 69 | C86: =IFERROR(HLOOKUP(VLOOKUP($C$2,Respuestas!$A$2:$HO$11,VALUE(B86)),D86:K87,2,0),"") | D86: Sí | E86: No
D87: 2 | E87: 0 | L87: =MIN(D87:K87) -> 0 | M87: =MAX(D87:K87) -> 2
A88: 65 | B88: 70 | C88: =IFERROR(HLOOKUP(VLOOKUP($C$2,Respuestas!$A$2:$HO$11,VALUE(B88)),D88:K89,2,0),"") | D88: Sí | E88: No
D89: 2 | E89: 0 | L89: =MIN(D89:K89) -> 0 | M89: =MAX(D89:K89) -> 2
A90: 66 | B90: 71 | C90: =IFERROR(HLOOKUP(VLOOKUP($C$2,Respuestas!$A$2:$HO$11,VALUE(B90)),D90:K91,2,0),"") -> 3 | D90: Alta | E90: Media | F90: Baja
D91: 3 | E91: 2 | F91: 1 | L91: =MIN(D91:K91) -> 1 | M91: =MAX(D91:K91) -> 3
A92: 67 | B92: 72 | C92: =IFERROR(HLOOKUP(VLOOKUP($C$2,Respuestas!$A$2:$HO$11,VALUE(B92)),D92:K93,2,0),"") -> 3 | D92: Suficiente | E92: Insuficiente | F92: Excesiva
D93: 3 | E93: 2 | F93: 1 | L93: =MIN(D93:K93) -> 1 | M93: =MAX(D93:K93) -> 3
A94: 68 | B94: 73 | C94: =IFERROR(HLOOKUP(VLOOKUP($C$2,Respuestas!$A$2:$HO$11,VALUE(B94)),D94:K95,2,0),"") -> 2 | D94: El ritmo de una maquina o línea | E94: El ritmo de otros compañeros | F94: Causas externas: publico/clientes | G94: Objetivos que hay que alcanzar | H94: No hay un ritmo prefijado
D95: 3 | E95: 2 | F95: 3 | G95: 2 | H95: 1 | L95: =MIN(D95:K95) -> 1 | M95: =MAX(D95:K95) -> 3
A96: 69 | B96: 74 | C96: =IFERROR(HLOOKUP(VLOOKUP($C$2,Respuestas!$A$2:$HO$11,VALUE(B96)),D96:K97,2,0),"") -> 3 | D96: Apresurado | E96: Normal | F96: Lento
D97: 3 | E97: 2 | F97: 1 | L97: =MIN(D97:K97) -> 1 | M97: =MAX(D97:K97) -> 3
A98: 70 | B98: 75 | C98: =IFERROR(HLOOKUP(VLOOKUP($C$2,Respuestas!$A$2:$HO$11,VALUE(B98)),D98:K99,2,0),"") -> 2 | D98: Pasa desapercibido | E98: Provoca problemas menores | F98: Entorpece el trabajo | G98: Produce consecuencias graves
D99: 0 | E99: 2 | F99: 3 | G99: 3 | L99: =MIN(D99:K99) -> 0 | M99: =MAX(D99:K99) -> 3
A100: 71 | B100: 76 | C100: =IFERROR(HLOOKUP(VLOOKUP($C$2,Respuestas!$A$2:$HO$11,VALUE(B100)),D100:K101,2,0),"") -> 0 | D100: Sí | E100: No
...

Sheet Ponderación médica
I2: Valor | J2: =SUM(J4:J43) -> 32 | L2: =SUM(L4:L43) -> 0 | M2: =SUM(M4:M43) -> 135
A3: Pregunta | B3: Respuesta | C3: Muchas veces | D3: Muchas | E3: A veces | F3: Nunca | I3: =+'Reporte Ind'!B1 -> 4
A4: 109 | B4: 116 | C4: 1 | D4: 1 | E4: 0 | F4: 0 | I4: =VLOOKUP($I$3,Respuestas!$A$2:$HO$11,VALUE('Ponderación médica'!B4)) -> A veces | J4: =IF(I4="Muchas veces",$C4,IF(I4="Muchas",$D4, IF(I4="A veces",$E4,$F4))) -> 0 | L4: =MIN(C4:F4) -> 0 | M4: =MAX(C4:F4) -> 1
A5: 109 | B5: 117 | C5: 2 | D5: 2 | E5: 1 | F5: 0 | I5: =VLOOKUP($I$3,Respuestas!$A$2:$HO$11,VALUE('Ponderación médica'!B5)) -> Nunca | J5: =IF(I5="Muchas veces",$C5,IF(I5="Muchas",$D5, IF(I5="A veces",$E5,$F5))) -> 0 | L5: =MIN(C5:F5) -> 0 | M5: =MAX(C5:F5) -> 2
A6: 109 | B6: 118 | C6: 3 | D6: 3 | E6: 2 | F6: 0 | I6: =VLOOKUP($I$3,Respuestas!$A$2:$HO$11,VALUE('Ponderación médica'!B6)) -> Nunca | J6: =IF(I6="Muchas veces",$C6,IF(I6="Muchas",$D6, IF(I6="A veces",$E6,$F6))) -> 0 | L6: =MIN(C6:F6) -> 0 | M6: =MAX(C6:F6) -> 3
A7: 109 | B7: 119 | C7: 4 | D7: 4 | E7: 2 | F7: 0 | I7: =VLOOKUP($I$3,Respuestas!$A$2:$HO$11,VALUE('Ponderación médica'!B7)) -> Nunca | J7: =IF(I7="Muchas veces",$C7,IF(I7="Muchas",$D7, IF(I7="A veces",$E7,$F7))) -> 0 | L7: =MIN(C7:F7) -> 0 | M7: =MAX(C7:F7) -> 4
A8: 109 | B8: 120 | C8: 5 | D8: 5 | E8: 3 | F8: 0 | I8: =VLOOKUP($I$3,Respuestas!$A$2:$HO$11,VALUE('Ponderación médica'!B8)) -> Nunca | J8: =IF(I8="Muchas veces",$C8,IF(I8="Muchas",$D8, IF(I8="A veces",$E8,$F8))) -> 0 | L8: =MIN(C8:F8) -> 0 | M8: =MAX(C8:F8) -> 5
A9: 109 | B9: 121 | C9: 6 | D9: 6 | E9: 4 | F9: 0 | I9: =VLOOKUP($I$3,Respuestas!$A$2:$HO$11,VALUE('Ponderación médica'!B9)) -> Nunca | J9: =IF(I9="Muchas veces",$C9,IF(I9="Muchas",$D9, IF(I9="A veces",$E9,$F9))) -> 0 | L9: =MIN(C9:F9) -> 0 | M9: =MAX(C9:F9) -> 6
A10: 110 | B10: 122 | C10: 1 | D10: 1 | E10: 0 | F10: 0 | I10: =VLOOKUP($I$3,Respuestas!$A$2:$HO$11,VALUE('Ponderación médica'!B10)) -> A veces | J10: =IF(I10="Muchas veces",$C10,IF(I10="Muchas",$D10, IF(I10="A veces",$E10,$F10))) -> 0 | L10: =MIN(C10:F10) -> 0 | M10: =MAX(C10:F10) -> 1
A11: 110 | B11: 123 | C11: 2 | D11: 2 | E11: 1 | F11: 0 | I11: =VLOOKUP($I$3,Respuestas!$A$2:$HO$11,VALUE('Ponderación médica'!B11)) -> Nunca | J11: =IF(I11="Muchas veces",$C11,IF(I11="Muchas",$D11, IF(I11="A veces",$E11,$F11))) -> 0 | L11: =MIN(C11:F11) -> 0 | M11: =MAX(C11:F11) -> 2
A12: 110 | B12: 124 | C12: 3 | D12: 3 | E12: 2 | F12: 0 | I12: =VLOOKUP($I$3,Respuestas!$A$2:$HO$11,VALUE('Ponderación médica'!B12)) -> A veces | J12: =IF(I12="Muchas veces",$C12,IF(I12="Muchas",$D12, IF(I12="A veces",$E12,$F12))) -> 2 | L12: =MIN(C12:F12) -> 0 | M12: =MAX(C12:F12) -> 3
A13: 110 | B13: 125 | C13: 4 | D13: 4 | E13: 2 | F13: 0 | I13: =VLOOKUP($I$3,Respuestas!$A$2:$HO$11,VALUE('Ponderación médica'!B13)) -> A veces | J13: =IF(I13="Muchas veces",$C13,IF(I13="Muchas",$D13, IF(I13="A veces",$E13,$F13))) -> 2 | L13: =MIN(C13:F13) -> 0 | M13: =MAX(C13:F13) -> 4
A14: 110 | B14: 126 | C14: 5 | D14: 5 | E14: 3 | F14: 0 | I14: =VLOOKUP($I$3,Respuestas!$A$2:$HO$11,VALUE('Ponderación médica'!B14)) -> Nunca | J14: =IF(I14="Muchas veces",$C14,IF(I14="Muchas",$D14, IF(I14="A veces",$E14,$F14))) -> 0 | L14: =MIN(C14:F14) -> 0 | M14: =MAX(C14:F14) -> 5
A15: 110 | B15: 127 | C15: 6 | D15: 6 | E15: 4 | F15: 0 | I15: =VLOOKUP($I$3,Respuestas!$A$2:$HO$11,VALUE('Ponderación médica'!B15)) -> Nunca | J15: =IF(I15="Muchas veces",$C15,IF(I15="Muchas",$D15, IF(I15="A veces",$E15,$F15))) -> 0 | L15: =MIN(C15:F15) -> 0 | M15: =MAX(C15:F15) -> 6
... A43: 115 | B43: 155 | C43: 6 | D43: 6 | E43: 4 | F43: 0 | I43: =VLOOKUP($I$3,Respuestas!$A$2:$HO$11,VALUE('Ponderación médica'!B43)) -> Nunca | J43: =IF(I43="Muchas veces",$C43,IF(I43="Muchas",$D43, IF(I43="A veces",$E43,$F43))) -> 0 | L43: =MIN(C43:F43) -> 0 | M43: =MAX(C43:F43) -> 6
A44: 116 | B44: 156 | C44: 3 | D44: 0 | E44: 1 | F44: 0 | I44: =VLOOKUP($I$3,Respuestas!$A$2:$HO$11,VALUE('Ponderación médica'!B44)) -> Si | J44: =IF(I44=O44,C44,IF(I44=P44,D44,IF(Q44=I44,E44,F44))) -> 3 | O44: Si | P44: No | Q44: A veces | R44: Nunca
A45: 117 | B45: 157 | C45: 0 | D45: 1 | E45: 2 | F45: 3 | G45: 4 | I45: =VLOOKUP($I$3,Respuestas!$A$2:$HO$11,VALUE('Ponderación médica'!B45)) -> Ocasionalmente (algunas veces al mes) | J45: =IF(I45=O45,C45,IF(I45=P45,D45,IF(Q45=I45,E45,IF(I45=R45,F45,G45)))) -> 2 | O45: Nunca | P45: Rara vez (una vez al mes o menos) | Q45: Ocasionalmente (algunas veces al mes) | R45: Regularmente (algunas veces a la semana) | S45: Frecuentemente (todos los días)
A46: 118 | B46: 158 | C46: 3 | D46: 0 | E46: 1 | I46: =VLOOKUP($I$3,Respuestas!$A$2:$HO$11,VALUE('Ponderación médica'!B46)) -> No | J46: =IF(I46=O46,C46,IF(I46=P46,D46,IF(Q46=I46,E46,IF(I46=R46,F46,G46)))) -> 0 | O46: Si | P46: No | Q46: A veces
A47: 119 | B47: 159 | C47: 0 | D47: 1 | E47: 2 | F47: 3 | G47: 4 | I47: =VLOOKUP($I$3,Respuestas!$A$2:$HO$11,VALUE('Ponderación médica'!B47)) -> Nunca | J47: =IF(I47=O47,C47,IF(I47=P47,D47,IF(Q47=I47,E47,IF(I47=R47,F47,G47)))) -> 0 | O47: Nunca | P47: Rara vez (una vez al mes o menos) | Q47: Ocasionalmente (algunas veces al mes) | R47: Regularmente (algunas veces a la semana) | S47: Frecuentemente (todos los días)
A48: 120 | B48: 160 | C48: 2 | D48: 0 | I48: =VLOOKUP($I$3,Respuestas!$A$2:$HO$11,VALUE('Ponderación médica'!B48)) -> Si | J48: =IF(I48=O48,C48,IF(I48=P48,D48,IF(Q48=I48,E48,IF(I48=R48,F48,G48)))) -> 2 | O48: Si | P48: No
A49: 121 | B49: 161 | C49: 3 | D49: 0 | E49: 1 | F49: 0 | I49: =VLOOKUP($I$3,Respuestas!$A$2:$HO$11,VALUE('Ponderación médica'!B49)) -> A veces | J49: =IF(I49=O49,C49,IF(I49=P49,D49,IF(Q49=I49,E49,IF(I49=R49,F49,G49)))) -> 1 | O49: Si | P49: No | Q49: A veces | R49: Nunca
A50: 122 | B50: 162 | C50: 0 | D50: 1 | E50: 3 | F50: 4 | I50: =VLOOKUP($I$3,Respuestas!$A$2:$HO$11,VALUE('Ponderación médica'!B50)) -> Rara vez (una vez al mes o menos) | J50: =IF(I50=O50,C50,IF(I50=P50,D50,IF(Q50=I50,E50,IF(I50=R50,F50,G50)))) -> 1 | O50: Nunca | P50: Rara vez (una vez al mes o menos) | Q50: Regularmente (algunas veces a la semana) | R50: Frecuentemente (todos los días)
A51: 123 | B51: 163 | C51: 3 | D51: 0 | E51: 1 | F51: 0 | I51: =VLOOKUP($I$3,Respuestas!$A$2:$HO$11,VALUE('Ponderación médica'!B51)) -> No | J51: =IF(I51=O51,C51,IF(I51=P51,D51,IF(Q51=I51,E51,IF(I51=R51,F51,G51)))) -> 0 | O51: Si | P51: No | Q51: A veces | R51: Nunca
A52: 124 | B52: 164 | C52: 0 | D52: 1 | E52: 2 | F52: 3 | G52: 4 | I52: =VLOOKUP($I$3,Respuestas!$A$2:$HO$11,VALUE('Ponderación médica'!B52)) -> Nunca | J52: =IF(I52=O52,C52,IF(I52=P52,D52,IF(Q52=I52,E52,IF(I52=R52,F52,G52)))) -> 0 | O52: Nunca | P52: Rara vez (una vez al mes o menos) | Q52: Ocasionalmente (algunas veces al mes) | R52: Regularmente (algunas veces a la semana) | S52: Frecuentemente (todos los días)
A53: 125 | B53: 165 | C53: 2 | D53: 0 | I53: =VLOOKUP($I$3,Respuestas!$A$2:$HO$11,VALUE('Ponderación médica'!B53)) -> Si | J53: =IF(I53=O53,C53,IF(I53=P53,D53,IF(Q53=I53,E53,IF(I53=R53,F53,G53)))) -> 2 | O53: Si | P53: No
A54: 126 | B54: 166 | C54: 3 | D54: 0 | E54: 1 | F54: 0 | I54: =VLOOKUP($I$3,Respuestas!$A$2:$HO$11,VALUE('Ponderación médica'!B54)) -> Sí | J54: =IF(I54=O54,C54,IF(I54=P54,D54,IF(Q54=I54,E54,IF(I54=R54,F54,G54)))) -> 0 | O54: Si | P54: No | Q54: A veces | R54: Nunca
A55: 127 | B55: 167 | C55: 0 | D55: 1 | E55: 3 | F55: 4 | I55: =VLOOKUP($I$3,Respuestas!$A$2:$HO$11,VALUE('Ponderación médica'!B55)) -> Regularmente (algunas veces a la semana) | J55: =IF(I55=O55,C55,IF(I55=P55,D55,IF(Q55=I55,E55,IF(I55=R55,F55,G55)))) -> 3 | O55: Nunca | P55: Rara vez (una vez al mes o menos) | Q55: Regularmente (algunas veces a la semana) | R55: Frecuentemente (todos los días)
A56: 128 | B56: 168 | C56: 2 | D56: 0 | I56: =VLOOKUP($I$3,Respuestas!$A$2:$HO$11,VALUE('Ponderación médica'!B56)) -> A veces | J56: =IF(I56=O56,C56,IF(I56=P56,D56,IF(Q56=I56,E56,IF(I56=R56,F56,G56)))) -> 0 | O56: Si | P56: No | Q56: A veces | R56: Nunca
A57: 129 | B57: 169 | C57: 0 | D57: 1 | E57: 3 | F57: 4 | I57: =VLOOKUP($I$3,Respuestas!$A$2:$HO$11,VALUE('Ponderación médica'!B57)) -> Rara vez (una vez al mes o menos) | J57: =IF(I57=O57,C57,IF(I57=P57,D57,IF(Q57=I57,E57,IF(I57=R57,F57,G57)))) -> 1 | O57: Nunca | P57: Rara vez (una vez al mes o menos) | Q57: Regularmente (algunas veces a la semana) | R57: Frecuentemente (todos los días)
A58: 130 | B58: 170 | C58: 2 | D58: 0 | I58: =VLOOKUP($I$3,Respuestas!$A$2:$HO$11,VALUE('Ponderación médica'!B58)) -> Si | J58: =IF(I58=O58,C58,IF(I58=P58,D58,IF(Q58=I58,E58,IF(I58=R58,F58,G58)))) -> 2 | O58: Si | P58: No
A59: 131 | B59: 171 | C59: 3 | D59: 0 | E59: 1 | F59: 0 | I59: =VLOOKUP($I$3,Respuestas!$A$2:$HO$11,VALUE('Ponderación médica'!B59)) -> A veces | J59: =IF(I59=O59,C59,IF(I59=P59,D59,IF(Q59=I59,E59,IF(I59=R59,F59,G59)))) -> 1 | O59: Si | P59: No | Q59: A veces | R59: Nunca
A60: 132 | B60: 172 | C60: 0 | D60: 3 | E60: 4 | I60: =VLOOKUP($I$3,Respuestas!$A$2:$HO$11,VALUE('Ponderación médica'!B60)) -> Regularmente (algunas veces a la semana) | J60: =IF(I60=O60,C60,IF(I60=P60,D60,IF(Q60=I60,E60,IF(I60=R60,F60,G60)))) -> 3 | O60: Nunca | P60: Regularmente (algunas veces a la semana) | Q60: Frecuentemente (todos los días)
A61: 133 | B61: 173 | C61: 3 | D61: 0 | E61: 1 | I61: =VLOOKUP($I$3,Respuestas!$A$2:$HO$11,VALUE('Ponderación médica'!B61)) -> No | J61: =IF(I61=O61,C61,IF(I61=P61,D61,IF(Q61=I61,E61,IF(I61=R61,F61,G61)))) -> 0 | O61: Si | P61: No | Q61: A veces
A62: 134 | B62: 174 | C62: 0 | D62: 1 | E62: 3 | F62: 4 | I62: =VLOOKUP($I$3,Respuestas!$A$2:$HO$11,VALUE('Ponderación médica'!B62)) -> Nunca | J62: =IF(I62=O62,C62,IF(I62=P62,D62,IF(Q62=I62,E62,IF(I62=R62,F62,G62)))) -> 0 | O62: Nunca | P62: Regularmente (algunas veces a la semana) | Q62: Frecuentemente (todos los días)
A63: 135 | B63: 175 | C63: 2 | D63: 0 | I63: =VLOOKUP($I$3,Respuestas!$A$2:$HO$11,VALUE('Ponderación médica'!B63)) -> No | J63: =IF(I63=O63,C63,IF(I63=P63,D63,IF(Q63=I63,E63,IF(I63=R63,F63,G63)))) -> 0 | O63: Si | P63: No
A64: 136 | B64: 176 | C64: 1 | D64: 2 | E64: 3 | F64: 4 | G64: 0 | I64: =VLOOKUP($I$3,Respuestas!$A$2:$HO$11,VALUE('Ponderación médica'!B64)) -> Mas de 4 horas | J64: =IF(I64=O64,C64,IF(I64=P64,D64,IF(Q64=I64,E64,IF(I64=R64,F64,G64)))) -> 4 | O64: Menos de 30 min | P64: Entre 30 min y 2 horas | Q64: Entre 2 y 4 horas | R64: Mas de 4 horas | S64: Nunca
A65: 137 | B65: 177 | C65: 1 | D65: 2 | E65: 3 | F65: 4 | G65: 0 | I65: =VLOOKUP($I$3,Respuestas!$A$2:$HO$11,VALUE('Ponderación médica'!B65)) -> Menos de 30 minutos | J65: =IF(I65=O65,C65,IF(I65=P65,D65,IF(Q65=I65,E65,IF(I65=R65,F65,G65)))) -> 0 | O65: Menos de 30 min | P65: Entre 30 min y 2 horas | Q65: Entre 2 y 4 horas | R65: Mas de 4 horas | S65: Nunca
A66: 138 | B66: 178 | C66: 1 | D66: 2 | E66: 3 | F66: 4 | G66: 0 | I66: =VLOOKUP($I$3,Respuestas!$A$2:$HO$11,VALUE('Ponderación médica'!B66)) -> Menos de 30 minutos | J66: =IF(I66=O66,C66,IF(I66=P66,D66,IF(Q66=I66,E66,IF(I66=R66,F66,G66)))) -> 0 | O66: Menos de 30 min | P66: Entre 30 min y 2 horas | Q66: Entre 2 y 4 horas | R66: Mas de 4 horas | S66: Nunca
A67: 139 | B67: 179 | C67: 1 | D67: 2 | E67: 3 | F67: 4 | G67: 0 | I67: =VLOOKUP($I$3,Respuestas!$A$2:$HO$11,VALUE('Ponderación médica'!B67)) -> Nunca | J67: =IF(I67=O67,C67,IF(I67=P67,D67,IF(Q67=I67,E67,IF(I67=R67,F67,G67)))) -> 0 | O67: Menos de 30 min | P67: Entre 30 min y 2 horas | Q67: Entre 2 y 4 horas | R67: Mas de 4 horas | S67: Nunca
A68: 140 | B68: 180 | C68: 1 | D68: 2 | E68: 3 | F68: 4 | G68: 0 | I68: =VLOOKUP($I$3,Respuestas!$A$2:$HO$11,VALUE('Ponderación médica'!B68)) -> Nunca | J68: =IF(I68=O68,C68,IF(I68=P68,D68,IF(Q68=I68,E68,IF(I68=R68,F68,G68)))) -> 0 | O68: Menos de 30 min | P68: Entre 30 min y 2 horas | Q68: Entre 2 y 4 horas | R68: Mas de 4 horas | S68: Nunca
A69: 141 | B69: 181 | C69: 1 | D69: 2 | E69: 3 | F69: 4 | G69: 0 | I69: =VLOOKUP($I$3,Respuestas!$A$2:$HO$11,VALUE('Ponderación médica'!B69)) -> Nunca | J69: =IF(I69=O69,C69,IF(I69=P69,D69,IF(Q69=I69,E69,IF(I69=R69,F69,G69)))) -> 0 | O69: Menos de 30 min | P69: Entre 30 min y 2 horas | Q69: Entre 2 y 4 horas | R69: Mas de 4 horas | S69: Nunca
A70: 142 | B70: 182 | C70: 1 | D70: 2 | E70: 3 | F70: 4 | G70: 0 | I70: =VLOOKUP($I$3,Respuestas!$A$2:$HO$11,VALUE('Ponderación médica'!B70)) -> Entre 30 min y 2 horas | J70: =IF(I70=O70,C70,IF(I70=P70,D70,IF(Q70=I70,E70,IF(I70=R70,F70,G70)))) -> 2 | O70: Menos de 30 min | P70: Entre 30 min y 2 horas | Q70: Entre 2 y 4 horas | R70: Mas de 4 horas | S70: Nunca
A71: 143 | B71: 183 | C71: 1 | D71: 2 | E71: 3 | F71: 4 | G71: 0 | I71: =VLOOKUP($I$3,Respuestas!$A$2:$HO$11,VALUE('Ponderación médica'!B71)) -> Nunca | J71: =IF(I71=O71,C71,IF(I71=P71,D71,IF(Q71=I71,E71,IF(I71=R71,F71,G71)))) -> 0 | O71: Menos de 30 min | P71: Entre 30 min y 2 horas | Q71: Entre 2 y 4 horas | R71: Mas de 4 horas | S71: Nunca
A72: 144 | B72: 184 | C72: 1 | D72: 2 | E72: 3 | F72: 4 | G72: 0 | I72: =VLOOKUP($I$3,Respuestas!$A$2:$HO$11,VALUE('Ponderación médica'!B72)) -> Nunca | J72: =IF(I72=O72,C72,IF(I72=P72,D72,IF(Q72=I72,E72,IF(I72=R72,F72,G72)))) -> 0 | O72: Menos de 30 min | P72: Entre 30 min y 2 horas | Q72: Entre 2 y 4 horas | R72: Mas de 4 horas | S72: Nunca
A73: 145 | B73: 185 | C73: 1 | D73: 2 | E73: 3 | F73: 4 | G73: 0 | I73: =VLOOKUP($I$3,Respuestas!$A$2:$HO$11,VALUE('Ponderación médica'!B73)) -> Nunca | J73: =IF(I73=O73,C73,IF(I73=P73,D73,IF(Q73=I73,E73,IF(I73=R73,F73,G73)))) -> 0 | O73: Menos de 30 min | P73: Entre 30 min y 2 horas | Q73: Entre 2 y 4 horas | R73: Mas de 4 horas | S73: Nunca
A74: 146 | B74: 186 | C74: 1 | D74: 2 | E74: 3 | F74: 4 | G74: 0 | I74: =VLOOKUP($I$3,Respuestas!$A$2:$HO$11,VALUE('Ponderación médica'!B74)) -> Nunca | J74: =IF(I74=O74,C74,IF(I74=P74,D74,IF(Q74=I74,E74,IF(I74=R74,F74,G74)))) -> 0 | O74: Menos de 30 min | P74: Entre 30 min y 2 horas | Q74: Entre 2 y 4 horas | R74: Mas de 4 horas | S74: Nunca
A75: 147 | B75: 187 | C75: 1 | D75: 2 | E75: 3 | F75: 4 | G75: 0 | I75: =VLOOKUP($I$3,Respuestas!$A$2:$HO$11,VALUE('Ponderación médica'!B75)) -> Nunca | J75: =IF(I75=O75,C75,IF(I75=P75,D75,IF(Q75=I75,E75,IF(I75=R75,F75,G75)))) -> 0 | O75: Menos de 30 min | P75: Entre 30 min y 2 horas | Q75: Entre 2 y 4 horas | R75: Mas de 4 horas | S75: Nunca
... A87: 159 | B87: 199 | C87: 1 | D87: 2 | E87: 3 | F87: 4 | G87: 0 | I87: =VLOOKUP($I$3,Respuestas!$A$2:$HO$11,VALUE('Ponderación médica'!B87)) -> No levanto peso | J87: =IF(I87=O87,C87,IF(I87=P87,D87,IF(Q87=I87,E87,IF(I87=R87,F87,G87)))) -> 0 | O87: Entre 3 y 5 kilos | P87: Entre 5 y 15 kilos | Q87: Entre 15 y 25 kilos | R87: Mas de 25 kilos | S87: No levanto peso
A88: 160 | B88: 200 | C88: 5 | D88: 2 | E88: 3 | F88: 4 | I88: =VLOOKUP($I$3,Respuestas!$A$2:$HO$11,VALUE('Ponderación médica'!B88)) -> No levanto peso | J88: =IF(I88=O88,C88,IF(I88=P88,D88,IF(Q88=I88,E88,IF(I88=R88,F88,G88)))) -> 0 | O88: Levantas la carga tu solo/a (sin ayuda de otra persona) | P88: Levantas la carga por debajo de tus rodillas | Q88: Levantas la carga por encima de tus hombros | R88: Mantienes los brazos extendidos sin poder apoyar la carga en tu cuerpo
A89: 161 | B89: 201 | C89: 1 | D89: 2 | E89: 3 | F89: 4 | G89: 0 | I89: =VLOOKUP($I$3,Respuestas!$A$2:$HO$11,VALUE('Ponderación médica'!B89)) -> Nunca | J89: =IF(I89=O89,C89,IF(I89=P89,D89,IF(Q89=I89,E89,IF(I89=R89,F89,G89)))) -> 0 | O89: Menos de 30 min | P89: Entre 30 min y 2 horas | Q89: Entre 2 y 4 horas | R89: Mas de 4 horas | S89: Nunca
A90: 162 | B90: 202 | C90: 1 | D90: 2 | E90: 3 | F90: 4 | G90: 0 | I90: =VLOOKUP($I$3,Respuestas!$A$2:$HO$11,VALUE('Ponderación médica'!B90)) -> No levanto peso | J90: =IF(I90=O90,C90,IF(I90=P90,D90,IF(Q90=I90,E90,IF(I90=R90,F90,G90)))) -> 0 | O90: Entre 3 y 5 kilos | P90: Entre 5 y 15 kilos | Q90: Entre 15 y 25 kilos | R90: Mas de 25 kilos | S90: No levanto peso
A91: 163 | B91: 203 | C91: 5 | D91: 3 | E91: 2 | F91: 4 | G91: 1 | H91: 0 | I91: =VLOOKUP($I$3,Respuestas!$A$2:$HO$11,VALUE('Ponderación médica'!B91)) -> No levanto peso | J91: =IF(I91=O91,C91,IF(I91=P91,D91,IF(Q91=I91,E91,IF(I91=R91,F91,G91)))) -> 1 | O91: Transportas la carga tu solo/a (sin ayuda de otra persona) | P91: Transportas la carga con los brazos extendidos sin apoyar la carga en tu cuerpo y sin doblar los codos. | Q91: Transportas la carga con dificultad porno tener buen agarre (sin asa) | R91: Caminas mas de 10 metros transportando la carga | S91: Tienes que transportar la carga cada pocos segundos | T91: No levanto peso
A92: 164 | B92: 204 | C92: 1 | D92: 2 | E92: 3 | F92: 4 | G92: 0 | I92: =VLOOKUP($I$3,Respuestas!$A$2:$HO$11,VALUE('Ponderación médica'!B92)) -> Nunca | J92: =IF(I92=O92,C92,IF(I92=P92,D92,IF(Q92=I92,E92,IF(I92=R92,F92,G92)))) -> 0 | O92: Menos de 30 min | P92: Entre 30 min y 2 horas | Q92: Entre 2 y 4 horas | R92: Mas de 4 horas | S92: Nunca
A93: 165 | B93: 205 | C93: 4 | D93: 3 | E93: 2 | F93: 1 | G93: 0 | I93: =VLOOKUP($I$3,Respuestas!$A$2:$HO$11,VALUE('Ponderación médica'!B93)) -> No empujo | J93: =IF(I93=O93,C93,IF(I93=P93,D93,IF(Q93=I93,E93,IF(I93=R93,F93,G93)))) -> 0 | O93: Tienes que hacer mucha fuerza para iniciar el empuje y/o arrastre | P93: Tienes que hacer mucha fuerza para desplazar la carga | Q93: La zona donde tienes que poner las manos al empujar y/o arrastrar no es adecuada (muy alta, muy baja, difícil de agarrar, etc.) | R93: Tienes que empujar y/o arrastrar la carga cada pocos segundos | S93: No empujo

Sheet Reporte Ind
A1: Selección | B1: 4
H9: =TODAY() -> 45930
G11: Fecha aplicación | H11: =VLOOKUP(B1,Respuestas!A2:HO600,2,0) -> 45846.483
B14: Nombre | C14: =VLOOKUP(B1,Respuestas!A2:HO600,3,0) -> PERLA VIRIDIANA GONZALEZ ESPARZA
B15: Edad | C15: =INT((TODAY()-VLOOKUP(B1,Respuestas!A2:HO600,4,0))/365.25) -> 32 | D15: años
B16: Tiempo cuestionario | C16: =INT(H9-H11)+1 -> 84 | D16: días
A20: Generales
B21: Departamento | C21: =VLOOKUP(B1,Respuestas!A2:HO600,5,0) -> Administración
B22: Puesto | C22: =VLOOKUP(B1,Respuestas!A2:HO600,6,0)&" / "&VLOOKUP(B1,Respuestas!A2:HO600,10,0) -> Auxiliar Administrativo / Auxiliar Administrativo
B23: Estado civil | C23: =VLOOKUP(B1,Respuestas!A2:HO600,7,0) -> Soltero
B24: Genero | C24: =VLOOKUP(B1,Respuestas!A2:HO600,8,0) -> Femenino
B25: Estudios | C25: =VLOOKUP(B1,Respuestas!A2:HO600,9,0) -> Universidad
B26: Antigüedad en el puesto | C26: =VLOOKUP(B1,Respuestas!A2:HO600,11,0) -> 6 a 9 años
B27: Misma actividad | C27: =VLOOKUP(B1,Respuestas!A2:HO600,12,0) -> mas de 3 años
B29: Días semana trabaja | C29: =VLOOKUP(B1,Respuestas!A2:HO600,13,0) -> Lunes a viernes
B30: Horas por día | C30: =VLOOKUP(B1,Respuestas!A2:HO600,14,0) -> 8 horas
B31: Tipo transporte | C31: =VLOOKUP(B1,Respuestas!A2:HO600,15,0) -> Público | F31: Gasolina semanal | G31: =VLOOKUP(B1,Respuestas!A2:HO600,17,0) -> No aplica
B32: Tiempo traslado | C32: =VLOOKUP(B1,Respuestas!A2:HO600,18,0) -> mas de 1 hora
B33: Transporte público | C33: =VLOOKUP(B1,Respuestas!A2:HO600,19,0) -> De $50 a $100 pesos
B34: Casa | C34: =VLOOKUP(B1,Respuestas!A2:HO600,20,0) -> Propia
A36: Ponderaciones
C37: Min | D37: Resultado | E37: Maximo | F37: Rango | G37: # Respuestas | H37: # Preguntas
B38: General | C38: =General!N1 -> 19 | D38: =+General!C1 -> 49 | E38: =General!M1 -> 80 | F38: =IF(D38<L38, "Bajo", IF(D38>M38, "Alto", "ok")) -> ok | G38: =COUNTIF(General!C4:C45, ">=0") -> 21 | H38: =COUNTIF(General!A4:A45, ">=0") -> 21 | I38: =AVERAGE(C38,E38) -> 49.5 | J38: =+E38-I38 -> 30.5 | K38: =+J38/2.5 -> 12.2 | L38: =+I38-K38 -> 37.3 | M38: =+I38+K38 -> 61.7
B39: Laboral | C39: =+'Ambiente Laboral'!L1 -> 27 | D39: ='Ambiente Laboral'!C1 -> 39.333333 | E39: =+'Ambiente Laboral'!M1 -> 148 | F39: =IF(D39<L39, "Bajo", IF(D39>M39, "Alto", "ok")) -> Bajo | G39: =COUNTIF('Ambiente Laboral'!C4:C158, ">=0") -> 45 | H39: =COUNTIF('Ambiente Laboral'!A4:A158, ">=0") -> 68 | I39: =AVERAGE(C39,E39) -> 87.5 | J39: =+E39-I39 -> 60.5 | K39: =+J39/2.5 -> 24.2 | L39: =+I39-K39 -> 63.3 | M39: =+I39+K39 -> 111.7
B40: Hábitos | C40: =+Habitos!L1 -> 4 | D40: =+Habitos!C1 -> 12 | E40: =+Habitos!M1 -> 44 | F40: =IF(D40<L40, "Bajo", IF(D40>M40, "Alto", "ok")) -> Bajo | G40: =COUNTIF(Habitos!C4:C52, ">=0") -> 14 | H40: =COUNTIF(Habitos!A4:A52, ">=0") -> 20 | I40: =AVERAGE(C40,E40) -> 24 | J40: =+E40-I40 -> 20 | K40: =+J40/2.5 -> 8 | L40: =+I40-K40 -> 16 | M40: =+I40+K40 -> 32
B41: Médica | C41: =+'Ponderación médica'!L2 -> 0 | D41: ='Ponderación médica'!J2 -> 32 | E41: =+'Ponderación médica'!M2 -> 135 | F41: =IF(D41<L41, "Bajo", IF(D41>M41, "Alto", "ok")) -> Bajo | G41: =COUNTIF('Ponderación médica'!J4:J93, ">=0") -> 90 | H41: =COUNTIF('Ponderación médica'!A4:A93, ">=0") -> 90 | I41: =AVERAGE(C41,E41) -> 67.5 | J41: =+E41-I41 -> 67.5 | K41: =+J41/2.5 -> 27 | L41: =+I41-K41 -> 40.5 | M41: =+I41+K41 -> 94.5
B42: Psicologicos | C42: =+Psicologicos!L1 -> 4 | D42: =+Psicologicos!C1 -> 4 | E42: =+Psicologicos!M1 -> 38 | F42: =IF(D42<L42, "Bajo", IF(D42>M42, "Alto", "ok")) -> Bajo | G42: =COUNTIF(Psicologicos!C4:C55, ">=0") -> 18 | H42: =COUNTIF(Psicologicos!A4:A55, ">=0") -> 18 | I42: =AVERAGE(C42,E42) -> 21 | J42: =+E42-I42 -> 17 | K42: =+J42/2.5 -> 6.8 | L42: =+I42-K42 -> 14.2 | M42: =+I42+K42 -> 27.8
A60: =COUNTIF(F38:F42, "Bajo") -> 4 | B60: =+A60*3 -> 12
A61: =COUNTIF(F38:F42, "Alto") -> 0 | B61: =+A61*5 -> 0 | D61: Factor ajuste | F61: =SUM(B60:B61)/100+1 -> 1.12 | H61: 1
A62: Notas
A63: * | B63: =IF(Habitos!C6=" ", "", "86. la cantidad de cigarros al día y los años que lleva fumando o que fumo? "&Habitos!C6)
A64: * | B64: =IF(Habitos!C14=" ", "", "90. especificar el tipo de alcohol (cerveza, tequila, etc.), la cantidad de consumo por semana (latas, vasos, botella) y el numero de años que haz consumido alcohol? "&Habitos!C14) -> 90. especificar el tipo de alcohol (cerveza, tequila, etc.), la cantidad de consumo por semana (latas, vasos, botella) y el numero de años que haz consumido alcohol? Tequila, no he consumido durante mucho tiempo y aproximadamente 9 años
A65: * | B65: =IF(Habitos!C24=" ", "", "94. ¿Tiene usted alguno de los siguientes padecimientos heredofamiliares o crónicos degenerativos? "&Habitos!C24)
A66: * | B66: =IF(Habitos!C28=" ", "", "97. Favor de especificar el nombre del medicamento (os) o suplementos que consume: "&Habitos!C28) -> 97. Favor de especificar el nombre del medicamento (os) o suplementos que consume: No consumo
A67: * | B67: =IF(Habitos!C30=" ", "", "98. Alergias: Si o No y favor de especificar a que es alérgico. "&Habitos!C30) -> 98. Alergias: Si o No y favor de especificar a que es alérgico. NO
A68: * | B68: =IF('Ambiente Laboral'!C134=" ", "", "99. ¿Alguna vez ha sufrido un accidente de trabajo? "&'Ambiente Laboral'!C134) -> 99. ¿Alguna vez ha sufrido un accidente de trabajo? NO
A69: * | B69: =IF('Ambiente Laboral'!C138=" ", "", "101. En su historial de trabajo, ¿ha tenido alguna incapacidad? "&'Ambiente Laboral'!C138) -> 101. En su historial de trabajo, ¿ha tenido alguna incapacidad? NINGUNA
A70: * | B70: =IF(Habitos!C34=" ", "", "104. Tipo de droga. "&Habitos!C34) -> 104. Tipo de droga. NINGUNA
